Date,Afghanistan,Albania,Algeria,Andorra,Angola,Antigua and Barbuda,Argentina,Armenia,Australia,Austria,Azerbaijan,Bahamas,Bahrain,Bangladesh,Barbados,Belarus,Belgium,Belize,Benin,Bhutan,Bolivia,Bosnia and Herzegovina,Botswana,Brazil,Brunei,Bulgaria,Burkina Faso,Burma,Burundi,Cabo Verde,Cambodia,Cameroon,Canada,Central African Republic,Chad,Chile,China,Colombia,Congo (Brazzaville),Congo (Kinshasa),Costa Rica,Cote d'Ivoire,Croatia,Cuba,Cyprus,Czechia,Denmark,Diamond Princess,Djibouti,Dominica,Dominican Republic,Ecuador,Egypt,El Salvador,Equatorial Guinea,Eritrea,Estonia,Eswatini,Ethiopia,Fiji,Finland,France,Gabon,Gambia,Georgia,Germany,Ghana,Greece,Grenada,Guatemala,Guinea,Guinea-Bissau,Guyana,Haiti,Holy See,Honduras,Hungary,Iceland,India,Indonesia,Iran,Iraq,Ireland,Israel,Italy,Jamaica,Japan,Jordan,Kazakhstan,Kenya,"Korea, South",Kosovo,Kuwait,Kyrgyzstan,Laos,Latvia,Lebanon,Liberia,Libya,Liechtenstein,Lithuania,Luxembourg,MS Zaandam,Madagascar,Malawi,Malaysia,Maldives,Mali,Malta,Mauritania,Mauritius,Mexico,Moldova,Monaco,Mongolia,Montenegro,Morocco,Mozambique,Namibia,Nepal,Netherlands,New Zealand,Nicaragua,Niger,Nigeria,North Macedonia,Norway,Oman,Pakistan,Panama,Papua New Guinea,Paraguay,Peru,Philippines,Poland,Portugal,Qatar,Romania,Russia,Rwanda,Saint Kitts and Nevis,Saint Lucia,Saint Vincent and the Grenadines,San Marino,Sao Tome and Principe,Saudi Arabia,Senegal,Serbia,Seychelles,Sierra Leone,Singapore,Slovakia,Slovenia,Somalia,South Africa,South Sudan,Spain,Sri Lanka,Sudan,Suriname,Sweden,Switzerland,Syria,Taiwan*,Tanzania,Thailand,Timor-Leste,Togo,Trinidad and Tobago,Tunisia,Turkey,US,Uganda,Ukraine,United Arab Emirates,United Kingdom,Uruguay,Uzbekistan,Venezuela,Vietnam,West Bank and Gaza,Western Sahara,Yemen,Zambia,Zimbabwe
2020-01-22,0,0,0,0,0,0,0,0,0,0,0,0,0,0,0,0,0,0,0,0,0,0,0,0,0,0,0,0,0,0,0,0,0,0,0,0,548,0,0,0,0,0,0,0,0,0,0,0,0,0,0,0,0,0,0,0,0,0,0,0,0,0,0,0,0,0,0,0,0,0,0,0,0,0,0,0,0,0,0,0,0,0,0,0,0,0,2,0,0,0,1,0,0,0,0,0,0,0,0,0,0,0,0,0,0,0,0,0,0,0,0,0,0,0,0,0,0,0,0,0,0,0,0,0,0,0,0,0,0,0,0,0,0,0,0,0,0,0,0,0,0,0,0,0,0,0,0,0,0,0,0,0,0,0,0,0,0,0,0,0,0,0,0,1,0,2,0,0,0,0,0,1,0,0,0,0,0,0,0,0,0,0,0,0,0
2020-01-23,0,0,0,0,0,0,0,0,0,0,0,0,0,0,0,0,0,0,0,0,0,0,0,0,0,0,0,0,0,0,0,0,0,0,0,0,643,0,0,0,0,0,0,0,0,0,0,0,0,0,0,0,0,0,0,0,0,0,0,0,0,0,0,0,0,0,0,0,0,0,0,0,0,0,0,0,0,0,0,0,0,0,0,0,0,0,2,0,0,0,1,0,0,0,0,0,0,0,0,0,0,0,0,0,0,0,0,0,0,0,0,0,0,0,0,0,0,0,0,0,0,0,0,0,0,0,0,0,0,0,0,0,0,0,0,0,0,0,0,0,0,0,0,0,0,0,0,0,0,0,1,0,0,0,0,0,0,0,0,0,0,0,0,1,0,3,0,0,0,0,0,1,0,0,0,0,0,0,0,2,0,0,0,0,0
2020-01-24,0,0,0,0,0,0,0,0,0,0,0,0,0,0,0,0,0,0,0,0,0,0,0,0,0,0,0,0,0,0,0,0,0,0,0,0,920,0,0,0,0,0,0,0,0,0,0,0,0,0,0,0,0,0,0,0,0,0,0,0,0,2,0,0,0,0,0,0,0,0,0,0,0,0,0,0,0,0,0,0,0,0,0,0,0,0,2,0,0,0,2,0,0,0,0,0,0,0,0,0,0,0,0,0,0,0,0,0,0,0,0,0,0,0,0,0,0,0,0,0,0,0,0,0,0,0,0,0,0,0,0,0,0,0,0,0,0,0,0,0,0,0,0,0,0,0,0,0,0,0,3,0,0,0,0,0,0,0,0,0,0,0,0,3,0,5,0,0,0,0,0,2,0,0,0,0,0,0,0,2,0,0,0,0,0
2020-01-25,0,0,0,0,0,0,0,0,0,0,0,0,0,0,0,0,0,0,0,0,0,0,0,0,0,0,0,0,0,0,0,0,0,0,0,0,1406,0,0,0,0,0,0,0,0,0,0,0,0,0,0,0,0,0,0,0,0,0,0,0,0,3,0,0,0,0,0,0,0,0,0,0,0,0,0,0,0,0,0,0,0,0,0,0,0,0,2,0,0,0,2,0,0,0,0,0,0,0,0,0,0,0,0,0,0,3,0,0,0,0,0,0,0,0,0,0,0,0,0,1,0,0,0,0,0,0,0,0,0,0,0,0,0,0,0,0,0,0,0,0,0,0,0,0,0,0,0,0,0,0,3,0,0,0,0,0,0,0,0,0,0,0,0,3,0,7,0,0,0,0,0,2,0,0,0,0,0,0,0,2,0,0,0,0,0
2020-01-26,0,0,0,0,0,0,0,0,4,0,0,0,0,0,0,0,0,0,0,0,0,0,0,0,0,0,0,0,0,0,0,0,1,0,0,0,2075,0,0,0,0,0,0,0,0,0,0,0,0,0,0,0,0,0,0,0,0,0,0,0,0,3,0,0,0,0,0,0,0,0,0,0,0,0,0,0,0,0,0,0,0,0,0,0,0,0,4,0,0,0,3,0,0,0,0,0,0,0,0,0,0,0,0,0,0,4,0,0,0,0,0,0,0,0,0,0,0,0,0,1,0,0,0,0,0,0,0,0,0,0,0,0,0,0,0,0,0,0,0,0,0,0,0,0,0,0,0,0,0,0,4,0,0,0,0,0,0,0,0,0,0,0,0,4,0,8,0,0,0,0,0,5,0,0,0,0,0,0,0,2,0,0,0,0,0
2020-01-27,0,0,0,0,0,0,0,0,5,0,0,0,0,0,0,0,0,0,0,0,0,0,0,0,0,0,0,0,0,0,1,0,1,0,0,0,2877,0,0,0,0,0,0,0,0,0,0,0,0,0,0,0,0,0,0,0,0,0,0,0,0,3,0,0,0,1,0,0,0,0,0,0,0,0,0,0,0,0,0,0,0,0,0,0,0,0,4,0,0,0,4,0,0,0,0,0,0,0,0,0,0,0,0,0,0,4,0,0,0,0,0,0,0,0,0,0,0,0,0,1,0,0,0,0,0,0,0,0,0,0,0,0,0,0,0,0,0,0,0,0,0,0,0,0,0,0,0,0,0,0,5,0,0,0,0,0,0,1,0,0,0,0,0,5,0,8,0,0,0,0,0,5,0,0,0,0,0,0,0,2,0,0,0,0,0
2020-01-28,0,0,0,0,0,0,0,0,5,0,0,0,0,0,0,0,0,0,0,0,0,0,0,0,0,0,0,0,0,0,1,0,2,0,0,0,5509,0,0,0,0,0,0,0,0,0,0,0,0,0,0,0,0,0,0,0,0,0,0,0,0,4,0,0,0,4,0,0,0,0,0,0,0,0,0,0,0,0,0,0,0,0,0,0,0,0,7,0,0,0,4,0,0,0,0,0,0,0,0,0,0,0,0,0,0,4,0,0,0,0,0,0,0,0,0,0,0,0,0,1,0,0,0,0,0,0,0,0,0,0,0,0,0,0,0,0,0,0,0,0,0,0,0,0,0,0,0,0,0,0,7,0,0,0,0,0,0,1,0,0,0,0,0,8,0,14,0,0,0,0,0,5,0,0,0,0,0,0,0,2,0,0,0,0,0
2020-01-29,0,0,0,0,0,0,0,0,6,0,0,0,0,0,0,0,0,0,0,0,0,0,0,0,0,0,0,0,0,0,1,0,2,0,0,0,6087,0,0,0,0,0,0,0,0,0,0,0,0,0,0,0,0,0,0,0,0,0,0,0,1,5,0,0,0,4,0,0,0,0,0,0,0,0,0,0,0,0,0,0,0,0,0,0,0,0,7,0,0,0,4,0,0,0,0,0,0,0,0,0,0,0,0,0,0,7,0,0,0,0,0,0,0,0,0,0,0,0,0,1,0,0,0,0,0,0,0,0,0,0,0,0,0,0,0,0,0,0,0,0,0,0,0,0,0,0,0,0,0,0,7,0,0,0,0,0,0,1,0,0,0,0,0,8,0,14,0,0,0,0,0,5,0,0,4,0,0,0,0,2,0,0,0,0,0
2020-01-30,0,0,0,0,0,0,0,0,9,0,0,0,0,0,0,0,0,0,0,0,0,0,0,0,0,0,0,0,0,0,1,0,2,0,0,0,8141,0,0,0,0,0,0,0,0,0,0,0,0,0,0,0,0,0,0,0,0,0,0,0,1,5,0,0,0,4,0,0,0,0,0,0,0,0,0,0,0,0,1,0,0,0,0,0,0,0,11,0,0,0,4,0,0,0,0,0,0,0,0,0,0,0,0,0,0,8,0,0,0,0,0,0,0,0,0,0,0,0,0,1,0,0,0,0,0,0,0,0,0,0,0,0,0,1,0,0,0,0,0,0,0,0,0,0,0,0,0,0,0,0,10,0,0,0,0,0,0,1,0,0,0,0,0,9,0,14,0,0,0,0,0,5,0,0,4,0,0,0,0,2,0,0,0,0,0
2020-01-31,0,0,0,0,0,0,0,0,9,0,0,0,0,0,0,0,0,0,0,0,0,0,0,0,0,0,0,0,0,0,1,0,4,0,0,0,9802,0,0,0,0,0,0,0,0,0,0,0,0,0,0,0,0,0,0,0,0,0,0,0,1,5,0,0,0,5,0,0,0,0,0,0,0,0,0,0,0,0,1,0,0,0,0,0,2,0,15,0,0,0,11,0,0,0,0,0,0,0,0,0,0,0,0,0,0,8,0,0,0,0,0,0,0,0,0,0,0,0,0,1,0,0,0,0,0,0,0,0,0,0,0,0,0,1,0,0,0,0,2,0,0,0,0,0,0,0,0,0,0,0,13,0,0,0,0,0,0,1,0,0,1,0,0,10,0,19,0,0,0,0,0,7,0,0,4,2,0,0,0,2,0,0,0,0,0
2020-02-01,0,0,0,0,0,0,0,0,12,0,0,0,0,0,0,0,0,0,0,0,0,0,0,0,0,0,0,0,0,0,1,0,4,0,0,0,11891,0,0,0,0,0,0,0,0,0,0,0,0,0,0,0,0,0,0,0,0,0,0,0,1,6,0,0,0,8,0,0,0,0,0,0,0,0,0,0,0,0,1,0,0,0,0,0,2,0,20,0,0,0,12,0,0,0,0,0,0,0,0,0,0,0,0,0,0,8,0,0,0,0,0,0,0,0,0,0,0,0,0,1,0,0,0,0,0,0,0,0,0,0,0,0,0,1,0,0,0,0,2,0,0,0,0,0,0,0,0,0,0,0,16,0,0,0,0,0,1,1,0,0,1,0,0,10,0,19,0,0,0,0,0,8,0,0,4,2,0,0,0,6,0,0,0,0,0
2020-02-02,0,0,0,0,0,0,0,0,12,0,0,0,0,0,0,0,0,0,0,0,0,0,0,0,0,0,0,0,0,0,1,0,4,0,0,0,16630,0,0,0,0,0,0,0,0,0,0,0,0,0,0,0,0,0,0,0,0,0,0,0,1,6,0,0,0,10,0,0,0,0,0,0,0,0,0,0,0,0,2,0,0,0,0,0,2,0,20,0,0,0,15,0,0,0,0,0,0,0,0,0,0,0,0,0,0,8,0,0,0,0,0,0,0,0,0,0,0,0,0,1,0,0,0,0,0,0,0,0,0,0,0,0,0,2,0,0,0,0,2,0,0,0,0,0,0,0,0,0,0,0,18,0,0,0,0,0,1,1,0,0,1,0,0,10,0,19,0,0,0,0,0,8,0,0,5,2,0,0,0,6,0,0,0,0,0
2020-02-03,0,0,0,0,0,0,0,0,12,0,0,0,0,0,0,0,0,0,0,0,0,0,0,0,0,0,0,0,0,0,1,0,4,0,0,0,19716,0,0,0,0,0,0,0,0,0,0,0,0,0,0,0,0,0,0,0,0,0,0,0,1,6,0,0,0,12,0,0,0,0,0,0,0,0,0,0,0,0,3,0,0,0,0,0,2,0,20,0,0,0,15,0,0,0,0,0,0,0,0,0,0,0,0,0,0,8,0,0,0,0,0,0,0,0,0,0,0,0,0,1,0,0,0,0,0,0,0,0,0,0,0,0,0,2,0,0,0,0,2,0,0,0,0,0,0,0,0,0,0,0,18,0,0,0,0,0,1,1,0,0,1,0,0,10,0,19,0,0,0,0,0,11,0,0,5,2,0,0,0,8,0,0,0,0,0
2020-02-04,0,0,0,0,0,0,0,0,13,0,0,0,0,0,0,0,1,0,0,0,0,0,0,0,0,0,0,0,0,0,1,0,4,0,0,0,23707,0,0,0,0,0,0,0,0,0,0,0,0,0,0,0,0,0,0,0,0,0,0,0,1,6,0,0,0,12,0,0,0,0,0,0,0,0,0,0,0,0,3,0,0,0,0,0,2,0,22,0,0,0,16,0,0,0,0,0,0,0,0,0,0,0,0,0,0,10,0,0,0,0,0,0,0,0,0,0,0,0,0,1,0,0,0,0,0,0,0,0,0,0,0,0,0,2,0,0,0,0,2,0,0,0,0,0,0,0,0,0,0,0,24,0,0,0,0,0,1,1,0,0,1,0,0,11,0,25,0,0,0,0,0,11,0,0,5,2,0,0,0,8,0,0,0,0,0
2020-02-05,0,0,0,0,0,0,0,0,13,0,0,0,0,0,0,0,1,0,0,0,0,0,0,0,0,0,0,0,0,0,1,0,5,0,0,0,27440,0,0,0,0,0,0,0,0,0,0,0,0,0,0,0,0,0,0,0,0,0,0,0,1,6,0,0,0,12,0,0,0,0,0,0,0,0,0,0,0,0,3,0,0,0,0,0,2,0,22,0,0,0,19,0,0,0,0,0,0,0,0,0,0,0,0,0,0,12,0,0,0,0,0,0,0,0,0,0,0,0,0,1,0,0,0,0,0,0,0,0,0,0,0,0,0,2,0,0,0,0,2,0,0,0,0,0,0,0,0,0,0,0,28,0,0,0,0,0,1,1,0,0,1,0,0,11,0,25,0,0,0,0,0,11,0,0,5,2,0,0,0,8,0,0,0,0,0
2020-02-06,0,0,0,0,0,0,0,0,14,0,0,0,0,0,0,0,1,0,0,0,0,0,0,0,0,0,0,0,0,0,1,0,5,0,0,0,30587,0,0,0,0,0,0,0,0,0,0,0,0,0,0,0,0,0,0,0,0,0,0,0,1,6,0,0,0,12,0,0,0,0,0,0,0,0,0,0,0,0,3,0,0,0,0,0,2,0,22,0,0,0,23,0,0,0,0,0,0,0,0,0,0,0,0,0,0,12,0,0,0,0,0,0,0,0,0,0,0,0,0,1,0,0,0,0,0,0,0,0,0,0,0,0,0,2,0,0,0,0,2,0,0,0,0,0,0,0,0,0,0,0,28,0,0,0,0,0,1,1,0,0,1,0,0,16,0,25,0,0,0,0,0,11,0,0,5,2,0,0,0,10,0,0,0,0,0
2020-02-07,0,0,0,0,0,0,0,0,15,0,0,0,0,0,0,0,1,0,0,0,0,0,0,0,0,0,0,0,0,0,1,0,7,0,0,0,34110,0,0,0,0,0,0,0,0,0,0,61,0,0,0,0,0,0,0,0,0,0,0,0,1,6,0,0,0,13,0,0,0,0,0,0,0,0,0,0,0,0,3,0,0,0,0,0,3,0,25,0,0,0,24,0,0,0,0,0,0,0,0,0,0,0,0,0,0,12,0,0,0,0,0,0,0,0,0,0,0,0,0,1,0,0,0,0,0,0,0,0,0,0,0,0,0,3,0,0,0,0,2,0,0,0,0,0,0,0,0,0,0,0,30,0,0,0,0,0,1,1,0,0,1,0,0,16,0,25,0,0,0,0,0,11,0,0,5,3,0,0,0,10,0,0,0,0,0
2020-02-08,0,0,0,0,0,0,0,0,15,0,0,0,0,0,0,0,1,0,0,0,0,0,0,0,0,0,0,0,0,0,1,0,7,0,0,0,36814,0,0,0,0,0,0,0,0,0,0,61,0,0,0,0,0,0,0,0,0,0,0,0,1,11,0,0,0,13,0,0,0,0,0,0,0,0,0,0,0,0,3,0,0,0,0,0,3,0,25,0,0,0,24,0,0,0,0,0,0,0,0,0,0,0,0,0,0,16,0,0,0,0,0,0,0,0,0,0,0,0,0,1,0,0,0,0,0,0,0,0,0,0,0,0,0,3,0,0,0,0,2,0,0,0,0,0,0,0,0,0,0,0,33,0,0,0,0,0,1,1,0,0,1,0,0,17,0,32,0,0,0,0,0,11,0,0,7,3,0,0,0,13,0,0,0,0,0
2020-02-09,0,0,0,0,0,0,0,0,15,0,0,0,0,0,0,0,1,0,0,0,0,0,0,0,0,0,0,0,0,0,1,0,7,0,0,0,39829,0,0,0,0,0,0,0,0,0,0,64,0,0,0,0,0,0,0,0,0,0,0,0,1,11,0,0,0,14,0,0,0,0,0,0,0,0,0,0,0,0,3,0,0,0,0,0,3,0,26,0,0,0,25,0,0,0,0,0,0,0,0,0,0,0,0,0,0,16,0,0,0,0,0,0,0,0,0,0,0,0,0,1,0,0,0,0,0,0,0,0,0,0,0,0,0,3,0,0,0,0,2,0,0,0,0,0,0,0,0,0,0,0,40,0,0,0,0,0,2,1,0,0,1,0,0,18,0,32,0,0,0,0,0,11,0,0,7,3,0,0,0,13,0,0,0,0,0
2020-02-10,0,0,0,0,0,0,0,0,15,0,0,0,0,0,0,0,1,0,0,0,0,0,0,0,0,0,0,0,0,0,1,0,7,0,0,0,42354,0,0,0,0,0,0,0,0,0,0,135,0,0,0,0,0,0,0,0,0,0,0,0,1,11,0,0,0,14,0,0,0,0,0,0,0,0,0,0,0,0,3,0,0,0,0,0,3,0,26,0,0,0,27,0,0,0,0,0,0,0,0,0,0,0,0,0,0,18,0,0,0,0,0,0,0,0,0,0,0,0,0,1,0,0,0,0,0,0,0,0,0,0,0,0,0,3,0,0,0,0,2,0,0,0,0,0,0,0,0,0,0,0,45,0,0,0,0,0,2,1,0,0,1,0,0,18,0,32,0,0,0,0,0,11,0,0,8,8,0,0,0,14,0,0,0,0,0
2020-02-11,0,0,0,0,0,0,0,0,15,0,0,0,0,0,0,0,1,0,0,0,0,0,0,0,0,0,0,0,0,0,1,0,7,0,0,0,44386,0,0,0,0,0,0,0,0,0,0,135,0,0,0,0,0,0,0,0,0,0,0,0,1,11,0,0,0,16,0,0,0,0,0,0,0,0,0,0,0,0,3,0,0,0,0,0,3,0,26,0,0,0,28,0,0,0,0,0,0,0,0,0,0,0,0,0,0,18,0,0,0,0,0,0,0,0,0,0,0,0,0,1,0,0,0,0,0,0,0,0,0,0,0,0,0,3,0,0,0,0,2,0,0,0,0,0,0,0,0,0,0,0,47,0,0,0,0,0,2,1,0,0,1,0,0,18,0,33,0,0,0,0,0,12,0,0,8,8,0,0,0,15,0,0,0,0,0
2020-02-12,0,0,0,0,0,0,0,0,15,0,0,0,0,0,0,0,1,0,0,0,0,0,0,0,0,0,0,0,0,0,1,0,7,0,0,0,44759,0,0,0,0,0,0,0,0,0,0,175,0,0,0,0,0,0,0,0,0,0,0,0,1,11,0,0,0,16,0,0,0,0,0,0,0,0,0,0,0,0,3,0,0,0,0,0,3,0,28,0,0,0,28,0,0,0,0,0,0,0,0,0,0,0,0,0,0,18,0,0,0,0,0,0,0,0,0,0,0,0,0,1,0,0,0,0,0,0,0,0,0,0,0,0,0,3,0,0,0,0,2,0,0,0,0,0,0,0,0,0,0,0,50,0,0,0,0,0,2,1,0,0,1,0,0,18,0,33,0,0,0,0,0,12,0,0,8,9,0,0,0,15,0,0,0,0,0
2020-02-13,0,0,0,0,0,0,0,0,15,0,0,0,0,0,0,0,1,0,0,0,0,0,0,0,0,0,0,0,0,0,1,0,7,0,0,0,59895,0,0,0,0,0,0,0,0,0,0,175,0,0,0,0,0,0,0,0,0,0,0,0,1,11,0,0,0,16,0,0,0,0,0,0,0,0,0,0,0,0,3,0,0,0,0,0,3,0,28,0,0,0,28,0,0,0,0,0,0,0,0,0,0,0,0,0,0,19,0,0,0,0,0,0,0,0,0,0,0,0,0,1,0,0,0,0,0,0,0,0,0,0,0,0,0,3,0,0,0,0,2,0,0,0,0,0,0,0,0,0,0,0,58,0,0,0,0,0,2,1,0,0,1,0,0,18,0,33,0,0,0,0,0,13,0,0,8,9,0,0,0,16,0,0,0,0,0
2020-02-14,0,0,0,0,0,0,0,0,15,0,0,0,0,0,0,0,1,0,0,0,0,0,0,0,0,0,0,0,0,0,1,0,7,0,0,0,66358,0,0,0,0,0,0,0,0,0,0,218,0,0,0,0,1,0,0,0,0,0,0,0,1,11,0,0,0,16,0,0,0,0,0,0,0,0,0,0,0,0,3,0,0,0,0,0,3,0,29,0,0,0,28,0,0,0,0,0,0,0,0,0,0,0,0,0,0,19,0,0,0,0,0,0,0,0,0,0,0,0,0,1,0,0,0,0,0,0,0,0,0,0,0,0,0,3,0,0,0,0,2,0,0,0,0,0,0,0,0,0,0,0,67,0,0,0,0,0,2,1,0,0,1,0,0,18,0,33,0,0,0,0,0,13,0,0,8,9,0,0,0,16,0,0,0,0,0
2020-02-15,0,0,0,0,0,0,0,0,15,0,0,0,0,0,0,0,1,0,0,0,0,0,0,0,0,0,0,0,0,0,1,0,7,0,0,0,68413,0,0,0,0,0,0,0,0,0,0,285,0,0,0,0,1,0,0,0,0,0,0,0,1,12,0,0,0,16,0,0,0,0,0,0,0,0,0,0,0,0,3,0,0,0,0,0,3,0,43,0,0,0,28,0,0,0,0,0,0,0,0,0,0,0,0,0,0,22,0,0,0,0,0,0,0,0,0,0,0,0,0,1,0,0,0,0,0,0,0,0,0,0,0,0,0,3,0,0,0,0,2,0,0,0,0,0,0,0,0,0,0,0,72,0,0,0,0,0,2,1,0,0,1,0,0,18,0,33,0,0,0,0,0,13,0,0,8,9,0,0,0,16,0,0,0,0,0
2020-02-16,0,0,0,0,0,0,0,0,15,0,0,0,0,0,0,0,1,0,0,0,0,0,0,0,0,0,0,0,0,0,1,0,7,0,0,0,70513,0,0,0,0,0,0,0,0,0,0,355,0,0,0,0,1,0,0,0,0,0,0,0,1,12,0,0,0,16,0,0,0,0,0,0,0,0,0,0,0,0,3,0,0,0,0,0,3,0,59,0,0,0,29,0,0,0,0,0,0,0,0,0,0,0,0,0,0,22,0,0,0,0,0,0,0,0,0,0,0,0,0,1,0,0,0,0,0,0,0,0,0,0,0,0,0,3,0,0,0,0,2,0,0,0,0,0,0,0,0,0,0,0,75,0,0,0,0,0,2,1,0,0,1,0,0,20,0,34,0,0,0,0,0,13,0,0,9,9,0,0,0,16,0,0,0,0,0
2020-02-17,0,0,0,0,0,0,0,0,15,0,0,0,0,0,0,0,1,0,0,0,0,0,0,0,0,0,0,0,0,0,1,0,8,0,0,0,72434,0,0,0,0,0,0,0,0,0,0,454,0,0,0,0,1,0,0,0,0,0,0,0,1,12,0,0,0,16,0,0,0,0,0,0,0,0,0,0,0,0,3,0,0,0,0,0,3,0,66,0,0,0,30,0,0,0,0,0,0,0,0,0,0,0,0,0,0,22,0,0,0,0,0,0,0,0,0,0,0,0,0,1,0,0,0,0,0,0,0,0,0,0,0,0,0,3,0,0,0,0,2,0,0,0,0,0,0,0,0,0,0,0,77,0,0,0,0,0,2,1,0,0,1,0,0,22,0,35,0,0,0,0,0,13,0,0,9,9,0,0,0,16,0,0,0,0,0
2020-02-18,0,0,0,0,0,0,0,0,15,0,0,0,0,0,0,0,1,0,0,0,0,0,0,0,0,0,0,0,0,0,1,0,8,0,0,0,74211,0,0,0,0,0,0,0,0,0,0,542,0,0,0,0,1,0,0,0,0,0,0,0,1,12,0,0,0,16,0,0,0,0,0,0,0,0,0,0,0,0,3,0,0,0,0,0,3,0,74,0,0,0,31,0,0,0,0,0,0,0,0,0,0,0,0,0,0,22,0,0,0,0,0,0,0,0,0,0,0,0,0,1,0,0,0,0,0,0,0,0,0,0,0,0,0,3,0,0,0,0,2,0,0,0,0,0,0,0,0,0,0,0,81,0,0,0,0,0,2,1,0,0,1,0,0,22,0,35,0,0,0,0,0,13,0,0,9,9,0,0,0,16,0,0,0,0,0
2020-02-19,0,0,0,0,0,0,0,0,15,0,0,0,0,0,0,0,1,0,0,0,0,0,0,0,0,0,0,0,0,0,1,0,8,0,0,0,74619,0,0,0,0,0,0,0,0,0,0,621,0,0,0,0,1,0,0,0,0,0,0,0,1,12,0,0,0,16,0,0,0,0,0,0,0,0,0,0,0,0,3,0,2,0,0,0,3,0,84,0,0,0,31,0,0,0,0,0,0,0,0,0,0,0,0,0,0,22,0,0,0,0,0,0,0,0,0,0,0,0,0,1,0,0,0,0,0,0,0,0,0,0,0,0,0,3,0,0,0,0,2,0,0,0,0,0,0,0,0,0,0,0,84,0,0,0,0,0,2,1,0,0,1,0,0,23,0,35,0,0,0,0,0,13,0,0,9,9,0,0,0,16,0,0,0,0,0
2020-02-20,0,0,0,0,0,0,0,0,15,0,0,0,0,0,0,0,1,0,0,0,0,0,0,0,0,0,0,0,0,0,1,0,8,0,0,0,75077,0,0,0,0,0,0,0,0,0,0,634,0,0,0,0,1,0,0,0,0,0,0,0,1,12,0,0,0,16,0,0,0,0,0,0,0,0,0,0,0,0,3,0,5,0,0,0,3,0,94,0,0,0,104,0,0,0,0,0,0,0,0,0,0,0,0,0,0,22,0,0,0,0,0,0,0,0,0,0,0,0,0,1,0,0,0,0,0,0,0,0,0,0,0,0,0,3,0,0,0,0,2,0,0,0,0,0,0,0,0,0,0,0,84,0,0,0,0,0,2,1,0,0,1,0,0,24,0,35,0,0,0,0,0,13,0,0,9,9,0,0,0,16,0,0,0,0,0
2020-02-21,0,0,0,0,0,0,0,0,15,0,0,0,0,0,0,0,1,0,0,0,0,0,0,0,0,0,0,0,0,0,1,0,9,0,0,0,75550,0,0,0,0,0,0,0,0,0,0,634,0,0,0,0,1,0,0,0,0,0,0,0,1,12,0,0,0,16,0,0,0,0,0,0,0,0,0,0,0,0,3,0,18,0,0,1,20,0,105,0,0,0,204,0,0,0,0,0,1,0,0,0,0,0,0,0,0,22,0,0,0,0,0,0,0,0,0,0,0,0,0,1,0,0,0,0,0,0,0,0,0,0,0,0,0,3,0,0,0,0,2,0,0,0,0,0,0,0,0,0,0,0,85,0,0,0,0,0,2,1,0,0,1,0,0,26,0,35,0,0,0,0,0,15,0,0,9,9,0,0,0,16,0,0,0,0,0
2020-02-22,0,0,0,0,0,0,0,0,15,0,0,0,0,0,0,0,1,0,0,0,0,0,0,0,0,0,0,0,0,0,1,0,9,0,0,0,77001,0,0,0,0,0,0,0,0,0,0,634,0,0,0,0,1,0,0,0,0,0,0,0,1,12,0,0,0,16,0,0,0,0,0,0,0,0,0,0,0,0,3,0,28,0,0,1,62,0,122,0,0,0,433,0,0,0,0,0,1,0,0,0,0,0,0,0,0,22,0,0,0,0,0,0,0,0,0,0,0,0,0,1,0,0,0,0,0,0,0,0,0,0,0,0,0,3,0,0,0,0,2,0,0,0,0,0,0,0,0,0,0,0,85,0,0,0,0,0,2,1,0,0,1,0,0,26,0,35,0,0,0,0,0,15,0,0,13,9,0,0,0,16,0,0,0,0,0
2020-02-23,0,0,0,0,0,0,0,0,15,0,0,0,0,0,0,0,1,0,0,0,0,0,0,0,0,0,0,0,0,0,1,0,9,0,0,0,77022,0,0,0,0,0,0,0,0,0,0,691,0,0,0,0,1,0,0,0,0,0,0,0,1,12,0,0,0,16,0,0,0,0,0,0,0,0,0,0,0,0,3,0,43,0,0,1,155,0,147,0,0,0,602,0,0,0,0,0,1,0,0,0,0,0,0,0,0,22,0,0,0,0,0,0,0,0,0,0,0,0,0,1,0,0,0,0,0,0,0,0,0,0,0,0,0,3,0,0,0,0,2,0,0,0,0,0,0,0,0,0,0,0,89,0,0,0,0,0,2,1,0,0,1,0,0,28,0,35,0,0,0,0,0,15,0,0,13,9,0,0,0,16,0,0,0,0,0
2020-02-24,1,0,0,0,0,0,0,0,15,0,0,0,1,0,0,0,1,0,0,0,0,0,0,0,0,0,0,0,0,0,1,0,10,0,0,0,77241,0,0,0,0,0,0,0,0,0,0,691,0,0,0,0,1,0,0,0,0,0,0,0,1,12,0,0,0,16,0,0,0,0,0,0,0,0,0,0,0,0,3,0,61,1,0,1,229,0,159,0,0,0,833,0,1,0,0,0,1,0,0,0,0,0,0,0,0,22,0,0,0,0,0,0,0,0,0,0,0,0,0,1,0,0,0,0,0,0,0,2,0,0,0,0,0,3,0,0,0,0,2,0,0,0,0,0,0,0,0,0,0,0,89,0,0,0,0,0,2,1,0,0,1,0,0,30,0,35,0,0,0,0,0,51,0,0,13,13,0,0,0,16,0,0,0,0,0
2020-02-25,1,0,1,0,0,0,0,0,15,2,0,0,23,0,0,0,1,0,0,0,0,0,0,0,0,0,0,0,0,0,1,0,11,0,0,0,77754,0,0,0,0,0,1,0,0,0,0,691,0,0,0,0,1,0,0,0,0,0,0,0,1,14,0,0,0,17,0,0,0,0,0,0,0,0,0,0,0,0,3,0,95,1,0,1,322,0,170,0,0,0,977,0,11,0,0,0,1,0,0,0,0,0,0,0,0,22,0,0,0,0,0,0,0,0,0,0,0,0,0,1,0,0,0,0,0,0,0,2,0,0,0,0,0,3,0,0,0,0,2,0,0,0,0,0,0,0,0,0,0,0,91,0,0,0,0,0,6,1,0,0,1,1,0,31,0,37,0,0,0,0,0,51,0,0,13,13,0,0,0,16,0,0,0,0,0
2020-02-26,1,0,1,0,0,0,0,0,15,2,0,0,33,0,0,0,1,0,0,0,0,0,0,1,0,0,0,0,0,0,1,0,11,0,0,0,78166,0,0,0,0,0,3,0,0,0,0,705,0,0,0,0,1,0,0,0,0,0,0,0,2,18,0,0,1,27,0,1,0,0,0,0,0,0,0,0,0,0,3,0,139,5,0,2,453,0,189,0,0,0,1261,0,26,0,0,0,2,0,0,0,0,0,0,0,0,22,0,0,0,0,0,0,0,0,0,0,0,0,0,1,0,0,0,0,0,1,1,4,2,0,0,0,0,3,0,0,0,1,2,0,0,0,0,0,0,0,0,0,0,0,93,0,0,0,0,0,13,1,0,0,2,1,0,32,0,40,0,0,0,0,0,57,0,0,13,13,0,0,0,16,0,0,0,0,0
2020-02-27,1,0,1,0,0,0,0,0,15,3,0,0,33,0,0,0,1,0,0,0,0,0,0,1,0,0,0,0,0,0,1,0,13,0,0,0,78600,0,0,0,0,0,3,0,0,0,1,705,0,0,0,0,1,0,0,0,1,0,0,0,2,38,0,0,1,46,0,3,0,0,0,0,0,0,0,0,0,0,3,0,245,7,0,3,655,0,214,0,0,0,1766,0,43,0,0,0,2,0,0,0,0,0,0,0,0,23,0,0,0,0,0,0,0,0,0,0,0,0,0,1,1,0,0,0,0,1,1,4,2,0,0,0,0,3,0,0,0,1,2,0,0,0,0,1,0,0,0,0,0,0,93,0,0,0,0,0,15,1,0,0,7,8,0,32,0,40,0,0,0,0,0,58,0,0,13,15,0,0,0,16,0,0,0,0,0
2020-02-28,1,0,1,0,0,0,0,0,15,3,0,0,36,0,0,1,1,0,0,0,0,0,0,1,0,0,0,0,0,0,1,0,14,0,0,0,78928,0,0,0,0,0,5,0,0,0,1,705,0,0,0,0,1,0,0,0,1,0,0,0,2,57,0,0,1,48,0,4,0,0,0,0,0,0,0,0,0,1,3,0,388,7,0,4,888,0,228,0,0,0,2337,0,45,0,0,0,2,0,0,0,1,0,0,0,0,23,0,0,0,0,0,1,0,0,0,0,0,0,0,1,1,1,0,0,1,1,6,4,2,0,0,0,0,3,0,0,0,3,2,0,0,0,0,1,0,0,0,0,0,0,93,0,0,0,0,0,32,1,0,0,7,8,0,34,0,41,0,0,0,0,0,60,0,0,19,20,0,0,0,16,0,0,0,0,0
2020-02-29,1,0,1,0,0,0,0,0,25,9,0,0,41,0,0,1,1,0,0,0,0,0,0,2,0,0,0,0,0,0,1,0,20,0,0,0,79356,0,0,0,0,0,6,0,0,0,3,705,0,0,0,0,1,0,0,0,1,0,0,0,3,100,0,0,1,79,0,4,0,0,0,0,0,0,0,0,0,1,3,0,593,13,1,7,1128,0,241,0,0,0,3150,0,45,0,0,0,4,0,0,0,1,1,0,0,0,25,0,0,0,0,0,4,0,1,0,0,0,0,0,1,6,1,0,0,1,1,15,6,4,0,0,0,0,3,0,0,1,3,2,0,0,0,0,1,0,0,0,0,0,0,102,0,0,0,0,0,45,1,0,0,12,18,0,39,0,42,0,0,0,0,0,68,0,0,21,23,0,0,0,16,0,0,0,0,0
2020-03-01,1,0,1,0,0,0,0,1,27,14,3,0,47,0,0,1,2,0,0,0,0,0,0,2,0,0,0,0,0,0,1,0,24,0,0,0,79932,0,0,0,0,0,7,0,0,3,4,705,0,0,1,6,2,0,0,0,1,0,0,0,6,130,0,0,3,130,0,7,0,0,0,0,0,0,0,0,0,3,3,0,978,19,1,10,1694,0,256,0,0,0,3736,0,45,0,0,0,10,0,0,0,1,1,0,0,0,29,0,0,0,0,0,5,0,1,0,0,0,0,0,1,10,1,0,0,1,1,19,6,4,0,0,0,0,3,0,0,3,3,2,0,0,0,0,1,0,0,0,0,0,0,106,0,0,0,0,0,84,1,0,0,14,27,0,40,0,42,0,0,0,0,0,74,0,0,21,36,0,0,0,16,0,0,0,0,0
2020-03-02,1,0,3,1,0,0,0,1,30,18,3,0,49,0,0,1,8,0,0,0,0,0,0,2,0,0,0,0,0,0,1,0,27,0,0,0,80136,0,0,0,0,0,7,0,0,3,4,705,0,0,1,6,2,0,0,0,1,0,0,0,6,191,0,0,3,159,0,7,0,0,0,0,0,0,0,0,0,6,5,2,1501,26,1,10,2036,0,274,0,0,0,4335,0,56,0,0,1,13,0,0,0,1,1,0,0,0,29,0,0,0,0,0,5,0,1,0,0,1,0,0,1,18,1,0,0,1,1,25,6,4,0,0,0,0,3,0,2,3,3,3,0,0,0,0,8,0,1,1,0,0,0,108,0,0,0,0,0,120,1,0,0,15,42,0,41,0,43,0,0,0,0,0,98,0,0,21,40,0,0,0,16,0,0,0,0,0
2020-03-03,1,0,5,1,0,0,1,1,39,21,3,0,49,0,0,1,13,0,0,0,0,0,0,2,0,0,0,0,0,0,1,0,30,0,0,1,80261,0,0,0,0,0,9,0,0,5,6,706,0,0,1,7,2,0,0,0,2,0,0,0,6,204,0,0,3,196,0,7,0,0,0,0,0,0,0,0,0,11,5,2,2336,32,2,12,2502,0,293,1,0,0,5186,0,56,0,0,1,13,0,0,0,1,1,0,0,0,36,0,0,0,0,0,5,0,1,0,0,1,0,0,1,24,1,0,0,1,1,32,12,5,0,0,0,0,3,0,2,7,3,3,0,0,0,0,10,0,1,2,0,0,0,110,0,0,0,0,0,165,1,0,0,21,56,0,42,0,43,0,0,0,0,0,118,0,1,27,51,0,0,0,16,0,0,0,0,0
2020-03-04,1,0,12,1,0,0,1,1,52,29,3,0,52,0,0,6,23,0,0,0,0,0,0,4,0,0,0,0,0,0,1,0,33,0,0,1,80386,0,0,0,0,0,10,0,0,8,11,706,0,0,1,10,2,0,0,0,2,0,0,0,6,288,0,0,3,262,0,9,0,0,0,0,0,0,0,0,2,26,28,2,2922,35,6,15,3089,0,331,1,0,0,5621,0,56,0,0,1,13,0,0,1,1,1,0,0,0,50,0,0,0,0,0,5,0,1,0,0,1,0,0,1,38,3,0,0,1,1,56,15,5,0,0,0,0,3,1,5,8,4,3,0,0,0,0,16,0,1,4,0,0,0,110,0,0,0,0,0,222,1,0,0,35,90,0,42,0,43,0,0,0,1,0,149,0,1,27,86,0,0,0,16,0,0,0,0,0
2020-03-05,1,0,12,1,0,0,1,1,55,41,6,0,55,0,0,6,50,0,0,0,0,2,0,4,0,0,0,0,0,0,1,0,37,0,0,4,80537,0,0,0,0,0,10,0,0,12,11,706,0,0,1,13,3,0,0,0,3,0,0,0,12,380,0,0,4,482,0,31,0,0,0,0,0,0,0,0,2,34,30,2,3513,35,6,20,3858,0,360,1,0,0,6088,0,58,0,0,1,16,0,0,1,1,1,0,0,0,50,0,0,0,0,0,5,0,1,0,0,2,0,0,1,82,3,0,0,1,1,87,16,5,0,0,0,0,3,1,8,8,6,4,0,0,0,0,21,0,5,4,0,0,0,117,0,2,0,1,0,259,1,0,0,94,114,0,44,0,47,0,0,0,1,0,217,0,1,29,116,0,0,0,16,4,0,0,0,0
2020-03-06,1,0,17,1,0,0,2,1,60,55,6,0,60,0,0,6,109,0,0,1,0,2,0,13,0,0,0,0,0,0,1,1,49,0,0,4,80690,1,0,0,1,0,11,0,0,18,24,706,0,0,2,13,15,0,0,0,10,0,0,0,15,656,0,0,4,670,0,45,0,0,0,0,0,0,1,0,2,43,31,4,4747,40,18,37,4636,0,420,1,0,0,6593,0,58,0,0,1,22,0,0,1,1,2,0,0,0,83,0,0,0,0,0,6,0,1,0,0,2,0,0,1,128,4,0,0,1,3,108,16,6,0,0,0,1,5,5,13,8,9,13,0,0,0,0,21,0,5,4,1,0,0,130,1,7,0,1,0,400,1,0,0,101,214,0,45,0,48,0,1,0,1,0,262,0,1,29,164,0,0,0,16,7,0,0,0,0
2020-03-07,1,0,17,1,0,0,8,1,63,79,9,0,85,0,0,6,169,0,0,1,0,3,0,13,0,0,0,0,0,0,1,1,54,0,0,4,80770,1,0,0,1,0,12,0,0,19,24,706,0,0,2,13,15,0,0,0,10,0,0,0,15,959,0,0,4,799,0,46,0,0,0,0,0,0,1,0,4,50,34,4,5823,54,18,43,5883,0,461,1,0,0,7041,0,61,0,0,1,22,0,0,1,1,2,0,0,0,93,0,0,3,0,0,6,0,1,0,0,2,0,0,1,188,5,0,0,1,3,147,16,6,0,0,0,1,6,5,20,8,9,13,0,0,0,0,23,0,5,4,1,0,0,138,1,7,0,1,0,500,1,0,0,161,268,0,45,0,50,0,1,0,1,0,402,0,1,45,207,0,0,0,18,16,0,0,0,0
2020-03-08,4,0,19,1,0,0,12,1,76,104,9,0,85,3,0,6,200,0,0,1,0,3,0,20,0,4,0,0,0,0,2,2,64,0,0,8,80823,1,0,0,5,0,12,0,0,31,37,706,0,0,5,14,49,0,0,0,10,0,0,0,23,1136,0,0,13,1040,0,73,0,0,0,0,0,0,1,0,7,50,39,6,6566,60,19,61,7375,0,502,1,0,0,7314,0,64,0,0,2,32,0,0,1,1,3,0,0,0,99,4,0,3,0,0,7,1,1,0,0,2,0,0,1,265,5,0,0,1,3,176,16,6,0,0,1,6,10,11,30,15,15,17,0,0,0,0,36,0,11,4,1,0,0,150,3,16,0,3,0,673,1,0,0,203,337,0,45,0,50,0,1,0,2,0,518,0,1,45,274,0,0,0,30,16,0,0,0,0
2020-03-09,4,2,20,1,0,0,12,1,91,131,9,0,95,3,0,6,239,0,0,1,0,3,0,25,1,4,0,0,0,0,2,2,77,0,0,8,80860,1,0,0,9,0,12,0,2,31,92,706,0,0,5,15,55,0,0,0,10,0,0,0,30,1219,0,0,15,1176,0,73,0,0,0,0,0,0,1,0,9,58,43,19,7161,60,21,61,9172,0,511,1,0,0,7478,0,64,0,0,6,32,0,0,1,1,3,0,0,0,117,4,0,3,0,0,7,1,1,0,0,2,0,0,1,321,5,0,0,2,3,205,16,6,0,0,1,7,20,16,30,18,15,17,0,0,0,0,36,0,15,4,1,0,0,150,3,16,0,3,0,1073,1,0,0,248,374,0,45,0,50,0,1,0,2,0,583,0,1,45,322,0,0,0,30,19,0,0,0,0
2020-03-10,5,10,20,1,0,0,17,1,107,182,11,0,110,3,0,9,267,0,0,1,0,5,0,31,1,4,1,0,0,0,2,2,79,0,0,13,80887,3,0,0,9,0,14,0,3,41,264,706,0,0,5,15,59,0,0,0,12,0,0,0,40,1794,0,0,15,1457,0,89,0,0,0,0,0,0,1,0,9,69,56,27,8042,71,34,75,10149,0,581,1,0,0,7513,0,69,0,0,8,41,0,0,1,1,5,0,0,0,129,6,0,5,0,0,7,3,1,1,0,3,0,0,1,382,5,0,0,2,7,400,18,16,1,0,1,11,33,22,41,24,25,20,0,0,0,0,51,0,20,4,5,0,0,160,7,31,0,7,0,1695,1,0,0,355,491,0,47,0,53,0,1,0,5,0,959,0,1,74,384,0,0,0,31,26,0,0,0,0
2020-03-11,7,12,20,1,0,0,19,1,128,246,11,0,195,3,0,9,314,0,0,1,2,7,0,38,11,7,2,0,0,0,3,2,108,0,0,23,80921,9,0,1,13,1,19,0,6,91,444,706,0,0,5,17,60,0,0,0,16,0,0,0,59,2293,0,0,24,1908,0,99,0,0,0,0,0,0,1,2,13,85,62,34,9000,71,43,79,12462,1,639,1,0,0,7755,0,72,0,0,10,61,0,0,1,3,7,0,0,0,149,8,0,6,0,0,8,3,1,1,0,5,0,0,1,503,5,0,0,2,7,598,18,19,8,0,5,11,49,31,59,262,45,20,0,0,0,0,62,0,21,4,12,0,0,178,10,57,0,13,0,2277,2,0,0,500,652,0,48,0,59,0,1,0,7,1,1281,0,1,74,459,0,0,0,38,30,0,0,0,0
2020-03-12,7,23,24,1,0,0,19,4,128,302,11,0,195,3,0,12,314,0,0,1,2,11,0,52,11,7,2,0,0,0,3,2,117,0,0,23,80932,9,0,1,22,1,19,3,6,94,617,706,0,0,5,17,67,0,0,0,16,0,0,0,59,2293,0,0,24,2078,0,99,0,0,0,0,1,0,1,2,13,103,73,34,10075,71,43,100,12462,2,639,1,0,0,7869,0,80,0,0,10,61,0,0,1,3,19,0,0,0,149,8,0,6,0,0,12,3,2,1,0,6,0,0,1,503,5,0,0,2,7,702,18,20,11,0,5,15,52,49,59,262,49,28,0,0,0,0,69,0,45,4,19,0,0,178,16,89,0,17,0,2277,2,0,0,599,652,0,49,0,70,0,1,0,7,1,1663,0,1,85,459,0,0,0,39,30,0,0,0,0
2020-03-13,7,33,26,1,0,1,31,8,200,504,15,0,195,3,0,27,559,0,0,1,3,13,0,151,37,23,2,0,0,0,5,2,193,0,0,43,80945,13,0,2,23,1,32,4,14,141,804,706,0,0,5,17,80,0,0,0,79,0,1,0,155,3681,0,0,25,3675,0,190,0,0,1,0,1,0,1,2,19,134,82,69,11364,101,90,126,17660,8,701,1,4,1,7979,0,80,0,0,17,77,0,0,1,6,34,0,0,0,197,9,0,12,0,0,12,6,2,1,0,7,0,0,1,806,5,0,0,2,14,996,19,28,27,0,6,28,64,68,112,320,89,45,0,0,0,0,80,0,86,10,35,0,0,200,32,141,0,24,0,5232,6,1,0,814,1139,0,50,0,75,0,1,0,16,5,2179,0,3,85,802,0,0,0,47,31,0,0,0,0
2020-03-14,11,38,37,1,0,1,34,18,250,655,15,0,210,3,0,27,689,0,0,1,10,18,0,151,40,41,2,0,0,0,7,2,198,0,0,61,80977,22,0,2,26,1,38,4,26,189,836,706,0,0,11,28,109,0,0,0,115,1,1,0,225,4496,1,0,30,4585,3,228,0,1,1,0,1,0,1,2,30,156,102,96,12729,110,129,155,21157,8,773,1,6,1,8086,0,104,0,0,26,93,0,0,4,8,51,0,0,0,238,10,0,18,1,0,26,12,2,1,0,17,0,2,1,962,6,0,0,2,14,1090,19,31,36,0,6,38,111,103,169,337,123,59,1,0,1,1,80,0,103,10,46,2,0,212,44,181,0,38,0,6391,10,1,1,961,1359,0,53,0,82,0,1,2,18,5,2727,0,3,85,1144,4,0,2,53,35,0,0,0,0
2020-03-15,16,42,48,1,0,1,45,26,297,860,23,0,214,5,0,27,886,0,0,1,10,24,0,162,50,51,3,0,0,0,7,2,252,1,0,74,81003,34,1,2,27,1,49,4,26,253,875,706,0,0,11,28,110,0,1,0,171,1,1,0,244,4532,1,0,33,5795,6,331,0,1,1,0,4,0,1,3,32,171,113,117,13938,116,129,213,24747,10,839,8,9,3,8162,0,112,0,0,30,110,0,0,4,12,59,0,0,0,428,13,0,21,1,0,41,23,2,1,0,28,0,2,1,1138,8,0,0,2,14,1221,22,53,43,0,6,43,140,119,245,401,131,63,1,0,2,1,101,0,103,24,48,2,0,226,54,219,0,51,0,7798,18,1,1,1022,2200,0,59,0,114,0,1,2,18,6,3499,0,3,98,1145,4,1,10,56,38,0,0,0,0
2020-03-16,21,51,54,2,0,1,56,52,377,1018,28,1,214,8,0,36,1058,0,1,1,11,25,0,200,54,52,15,0,0,0,7,4,415,1,0,155,81033,54,1,2,35,1,57,4,33,298,933,706,0,0,11,37,150,0,1,0,205,1,5,0,277,6683,1,0,33,7272,6,331,0,2,1,0,4,0,1,6,39,180,119,134,14991,124,169,218,27980,10,839,17,10,3,8236,0,123,0,0,34,110,1,0,4,17,77,0,0,0,566,13,0,30,1,0,53,23,7,1,0,29,0,2,1,1416,8,0,0,2,18,1333,22,136,55,0,8,86,142,177,331,439,158,90,5,0,2,1,109,0,118,24,55,3,0,243,63,253,1,62,0,9942,28,1,1,1103,2200,0,67,1,147,0,1,4,20,18,4632,0,7,98,1551,8,6,17,61,38,0,0,0,0
2020-03-17,22,55,60,39,0,1,68,78,452,1332,28,1,228,10,2,36,1243,0,1,1,11,26,0,321,56,67,15,0,0,0,33,10,478,1,0,201,81058,65,1,3,41,5,65,5,46,396,1025,706,0,0,21,58,196,0,1,0,225,1,5,0,321,7715,1,1,34,9257,7,387,0,6,1,0,7,0,1,8,50,220,142,172,16169,154,223,250,31506,12,878,34,33,3,8320,0,130,0,0,49,120,1,0,7,25,140,0,0,0,673,13,0,38,1,0,82,30,7,5,2,38,0,2,1,1711,12,0,0,3,26,1463,24,236,69,0,9,117,187,238,448,439,184,114,7,0,2,1,109,0,171,26,65,4,0,266,72,275,1,62,0,11748,44,1,1,1190,2700,0,77,1,177,0,1,5,24,47,6421,0,14,98,1960,29,10,33,66,39,0,0,0,0
2020-03-18,22,59,74,39,0,1,79,84,568,1646,28,1,256,14,2,51,1486,0,2,1,12,38,0,372,68,92,20,0,0,0,35,10,657,1,0,238,81102,93,1,4,50,6,81,7,49,464,1116,712,1,0,21,111,196,0,4,0,258,1,6,0,336,9124,1,1,38,12327,7,418,0,6,1,0,7,0,1,9,58,250,156,227,17361,164,292,304,35713,13,889,52,35,3,8413,0,142,3,0,71,133,2,0,28,27,203,0,0,0,790,13,0,38,1,3,93,30,7,6,2,49,0,2,1,2058,20,0,0,8,35,1550,39,299,86,0,11,145,202,251,448,452,260,147,8,0,2,1,119,0,171,31,83,4,0,313,105,275,1,116,0,13910,51,2,1,1279,3028,0,100,3,212,0,1,7,29,98,7783,0,14,113,2642,50,15,36,75,41,0,0,2,0
2020-03-19,22,64,87,53,0,1,97,115,681,2013,44,3,278,17,5,51,1795,0,2,1,12,63,0,621,75,94,33,0,0,0,37,13,800,1,1,238,81156,102,3,14,69,9,105,11,67,694,1225,712,1,0,34,199,256,1,6,0,267,1,6,1,400,10970,1,1,40,15320,11,418,0,9,1,0,7,0,1,12,73,330,194,311,18407,192,557,427,41035,15,924,69,44,7,8565,0,148,3,0,86,157,2,0,28,36,335,0,0,0,900,13,0,53,2,3,118,49,7,6,3,63,0,3,1,2467,28,1,0,8,48,1746,48,454,109,0,11,234,217,355,785,460,277,199,8,0,2,1,119,0,274,31,103,6,0,345,123,286,1,150,0,17963,60,2,1,1439,4075,0,108,6,272,0,1,9,39,192,13747,0,16,140,2716,79,23,42,85,44,0,0,2,0
2020-03-20,24,70,90,75,1,1,128,136,791,2388,44,3,285,20,5,69,2257,0,2,2,15,89,0,793,78,127,40,0,0,1,51,20,943,3,1,434,81250,128,3,18,89,9,128,16,67,833,1337,712,1,0,72,367,285,1,6,0,283,1,9,1,450,12758,3,1,43,19848,16,495,0,12,1,0,7,2,1,24,85,409,244,369,19644,208,683,529,47021,16,963,85,49,7,8652,0,159,6,0,111,163,2,0,28,49,484,0,3,0,1030,13,0,64,2,12,164,66,11,6,14,77,0,3,1,3003,39,1,1,12,67,1914,48,501,137,1,13,234,230,425,1020,470,308,253,17,0,2,1,144,0,344,38,135,7,0,385,137,341,1,202,0,20410,73,2,4,1639,5294,0,135,6,322,0,9,9,54,359,19273,0,29,140,4014,94,33,42,91,47,0,0,2,1
2020-03-21,24,76,139,88,2,1,158,160,1071,2814,53,4,305,25,6,76,2815,0,2,2,19,93,0,1021,83,163,64,0,0,3,53,27,1277,3,1,537,81305,196,3,23,117,14,206,21,84,995,1420,712,1,0,112,506,294,3,6,1,306,1,9,1,523,14463,4,1,49,22213,19,530,0,17,2,0,7,2,1,24,103,473,330,450,20610,214,785,712,53578,16,1007,85,53,7,8799,0,176,14,0,124,187,3,0,37,83,670,0,3,0,1183,13,0,73,2,14,203,80,11,10,14,96,0,3,1,3640,52,2,1,22,85,2118,52,730,200,1,18,318,307,536,1280,481,367,306,17,0,2,1,144,0,392,47,171,7,0,432,178,383,1,240,0,25374,77,2,4,1763,6575,0,153,6,411,0,16,49,60,670,25600,1,47,153,5067,110,43,70,94,48,0,0,2,3
2020-03-22,40,89,201,113,2,1,266,194,1549,3582,65,4,334,27,14,76,3401,0,2,2,24,126,0,1546,88,187,75,0,0,3,84,40,1469,3,1,632,81435,231,3,30,134,14,254,35,95,1120,1514,712,1,1,202,789,327,3,6,1,326,4,11,2,626,16243,5,1,54,24873,23,624,1,19,2,0,19,2,1,26,131,568,396,514,21638,233,906,883,59138,19,1101,112,60,15,8961,0,188,14,0,139,248,3,0,37,143,798,0,3,0,1306,13,0,90,2,28,251,94,23,10,21,115,1,3,1,4217,102,2,2,30,115,2385,55,776,313,1,22,363,380,634,1600,494,433,367,19,0,2,1,175,0,511,67,222,7,0,455,185,414,1,274,0,28768,82,2,5,1934,7474,1,169,12,599,1,16,50,75,1236,33276,1,73,153,5745,158,43,70,113,52,0,0,3,3
2020-03-23,40,104,230,133,3,3,301,235,1682,4474,72,4,377,33,17,81,3743,1,5,2,27,136,0,1924,91,201,99,0,0,3,87,56,2088,3,1,746,81498,277,4,36,158,25,315,40,116,1236,1572,712,3,2,245,981,366,3,9,1,352,4,11,3,700,20123,5,2,61,29056,27,695,1,20,4,0,20,6,1,30,167,588,499,579,23049,266,1125,1071,63927,19,1128,127,62,16,8961,0,189,16,0,180,267,3,0,51,179,875,0,12,0,1518,13,0,107,2,36,316,109,23,10,27,143,1,4,2,4764,102,2,3,40,136,2621,66,875,345,1,22,395,462,749,2060,501,576,438,36,0,3,1,187,0,562,79,249,7,0,509,186,442,1,402,0,35136,97,2,5,2046,8795,1,195,12,721,1,18,51,89,1529,43843,9,73,198,6726,162,46,77,123,59,0,0,3,3
2020-03-24,74,123,264,164,3,3,387,249,2044,5283,87,5,392,39,18,81,4269,1,6,2,29,166,0,2247,104,218,114,0,0,3,91,66,2790,3,3,922,81591,378,4,45,177,73,382,48,124,1394,1718,712,3,2,312,1082,402,5,9,1,369,4,12,4,792,22622,6,3,70,32986,53,743,1,21,4,0,5,7,4,30,187,648,536,686,24811,316,1329,1238,69176,21,1193,154,72,25,9037,0,191,42,2,197,318,3,1,51,209,1099,0,17,0,1624,13,0,110,2,42,367,125,23,10,47,170,3,7,2,5580,155,2,3,44,148,2863,84,972,345,1,27,416,552,901,2362,526,794,495,40,0,3,1,187,0,767,86,303,7,0,558,204,480,1,554,0,39885,102,3,7,2286,9877,1,215,12,827,1,20,57,114,1872,53736,9,97,248,8164,162,50,84,134,59,0,0,3,3
2020-03-25,84,146,302,188,3,3,387,265,2364,5588,93,5,419,39,18,86,4937,2,6,2,32,176,0,2554,109,242,146,0,0,4,96,75,3251,3,3,1142,81661,470,4,48,201,80,442,57,132,1654,1862,712,11,7,392,1173,456,9,9,4,404,4,12,5,880,25600,6,3,75,37323,93,821,1,24,4,2,5,8,4,36,226,737,657,790,27017,346,1564,2369,74386,26,1307,172,81,28,9137,0,195,44,3,221,333,3,1,51,274,1333,0,19,0,1796,13,2,129,2,48,405,149,31,10,52,225,5,7,3,6438,205,2,7,51,177,3084,99,1063,443,1,37,480,636,1051,2995,537,906,658,41,2,3,1,208,0,900,99,384,7,0,631,216,528,1,709,0,49515,102,3,8,2526,10897,5,235,12,934,1,23,60,173,2433,65778,14,145,333,9640,189,60,91,141,59,0,0,12,3
2020-03-26,94,174,367,224,4,7,502,290,2810,6909,122,9,458,44,18,86,6235,2,6,2,43,191,0,2985,114,264,152,0,0,4,96,75,4042,3,3,1306,81782,491,4,51,231,96,495,67,146,1925,2023,712,11,11,488,1403,495,13,12,6,538,6,12,5,958,29551,7,3,79,43938,132,892,7,25,4,2,5,8,4,52,261,802,727,893,29406,382,1819,2693,80589,26,1387,212,111,31,9241,71,208,44,6,244,368,3,1,56,299,1453,0,23,0,2031,13,4,134,3,81,475,177,33,11,69,275,7,8,3,7468,283,2,10,65,201,3369,109,1201,558,1,41,580,707,1221,3544,549,1029,840,50,2,3,1,208,0,1012,105,384,7,0,683,226,562,2,927,0,57786,106,3,8,2840,11811,5,252,13,1045,1,23,65,197,3629,83836,14,196,333,11812,217,75,107,153,84,0,0,16,3
2020-03-27,110,186,409,267,4,7,589,329,3143,7657,165,10,466,48,24,94,7284,2,6,3,61,237,0,3417,115,293,180,8,0,5,99,91,4682,3,3,1610,81897,539,4,51,263,101,586,80,162,2279,2200,712,12,11,581,1595,536,13,12,6,575,9,16,5,1041,33402,7,3,83,50871,137,966,7,28,8,2,5,8,4,68,300,890,887,1046,32332,458,2121,3035,86498,26,1468,235,150,31,9332,86,225,58,6,280,391,3,1,56,358,1605,0,26,0,2161,16,11,139,3,94,585,199,42,11,82,345,7,8,4,8647,368,2,10,70,219,3755,131,1373,674,1,52,635,803,1389,4268,562,1292,1036,54,2,3,1,223,0,1104,119,457,7,0,732,269,632,3,1170,0,65719,106,3,8,3069,12928,5,267,13,1136,1,25,66,227,5698,101657,23,310,405,14745,238,88,107,163,91,0,0,22,5
2020-03-28,110,197,454,308,5,7,690,407,3640,8271,182,10,476,48,26,94,9134,2,6,3,74,258,0,3904,120,331,207,8,0,5,99,91,5576,3,3,1909,81999,608,4,65,295,101,657,119,179,2631,2366,712,14,11,719,1823,576,19,12,6,645,9,16,5,1167,38105,7,3,90,57695,141,1061,7,34,8,2,8,8,6,95,343,963,987,1155,35408,506,2415,3619,92472,30,1693,246,228,38,9478,91,235,58,8,305,412,3,3,56,394,1831,2,26,0,2320,16,18,149,5,102,717,231,42,12,84,402,8,8,5,9819,451,4,10,89,241,4015,152,1495,786,1,56,671,1075,1638,5170,590,1452,1264,60,2,3,1,224,0,1203,130,659,8,0,802,292,684,3,1187,0,73235,113,5,8,3447,14076,5,283,14,1245,1,25,74,278,7402,121465,30,356,468,17312,274,104,119,174,98,0,0,28,7
2020-03-29,120,212,511,334,7,7,745,424,3984,8788,209,11,499,48,33,94,10836,2,6,4,81,323,0,4256,126,346,222,10,0,6,103,139,6280,3,3,2139,82122,702,19,65,314,165,713,139,214,2817,2564,712,18,11,859,1924,609,24,12,12,679,9,21,5,1240,40708,7,4,91,62095,152,1156,9,34,16,2,8,15,6,110,408,1020,1024,1285,38309,547,2615,4247,97689,32,1866,259,284,42,9583,94,255,84,8,347,438,3,8,56,460,1950,2,39,0,2470,17,18,151,5,107,848,263,46,12,85,479,8,11,5,10930,514,4,18,111,259,4284,167,1597,901,1,59,852,1418,1862,5962,634,1815,1534,70,2,9,1,224,0,1299,142,741,8,0,844,314,730,3,1280,0,80110,117,6,8,3700,14829,9,298,14,1388,1,25,78,312,9217,140909,33,475,570,19780,304,144,119,188,109,0,0,29,7
2020-03-30,170,223,584,370,7,7,820,482,4361,9618,273,14,515,49,33,152,11899,3,6,4,97,368,3,4579,127,359,246,14,0,6,107,139,7398,3,5,2449,82198,798,19,81,330,168,790,170,230,3001,2755,712,18,11,901,1962,656,30,12,12,715,9,23,5,1352,45170,7,4,103,66885,152,1212,9,36,22,8,8,15,6,139,447,1086,1251,1414,41495,630,2910,4695,101739,36,1866,268,302,50,9661,94,266,94,8,376,446,3,8,62,491,1988,2,43,0,2626,17,25,156,5,128,993,298,49,12,91,556,8,11,5,11817,589,4,27,131,285,4445,179,1717,989,1,64,950,1546,2055,6408,693,2109,1836,70,7,9,1,230,0,1453,162,785,8,0,879,336,756,3,1326,0,87956,122,6,8,4028,15922,10,306,19,1524,1,30,82,312,10827,161831,33,548,611,22453,310,149,135,203,116,0,0,35,7
2020-03-31,174,243,716,376,7,7,1054,532,4559,10180,298,14,567,51,34,152,12775,3,9,4,107,420,4,5717,129,399,261,15,2,6,109,193,8527,3,7,2738,82279,906,19,98,347,179,867,186,262,3308,3039,712,30,12,1109,2240,710,32,12,15,745,9,26,5,1418,52827,16,4,110,71808,161,1314,9,38,22,8,12,15,6,141,492,1135,1397,1528,44605,694,3235,5358,105792,36,1953,274,343,59,9786,112,289,107,9,398,470,3,10,68,537,2178,2,57,0,2766,18,28,169,6,143,1094,353,52,12,109,617,8,11,5,12667,647,5,27,135,329,4641,192,1938,1181,1,65,1065,2084,2311,7443,781,2245,2337,75,8,13,1,236,0,1563,175,900,10,1,926,363,802,5,1353,0,95923,143,7,9,4435,16605,10,322,19,1651,1,34,87,394,13531,188172,44,645,664,25481,338,172,135,212,119,0,0,35,8
2020-04-01,237,259,847,390,8,7,1054,571,4862,10711,359,21,569,54,34,163,13964,3,13,4,115,459,4,6836,131,422,282,15,2,6,109,233,9560,3,7,3031,82361,1065,19,109,375,190,963,212,320,3508,3290,712,33,12,1284,2748,779,32,15,15,779,9,29,5,1446,57749,18,4,117,77872,195,1415,9,39,30,9,19,16,6,172,525,1220,1998,1677,47593,728,3447,6092,110574,44,2178,278,380,81,9887,125,317,111,10,446,479,6,10,68,581,2319,9,57,0,2908,19,31,188,6,161,1215,423,55,14,123,654,10,14,5,13696,708,5,74,174,354,4863,210,2118,1181,1,69,1323,2311,2554,8251,835,2460,2777,82,8,13,1,236,0,1720,190,1060,10,2,1000,400,841,5,1380,0,104118,146,7,10,4947,17768,10,329,20,1771,1,36,90,423,15679,213372,44,794,814,29865,338,181,143,218,134,0,0,36,8
2020-04-02,273,277,986,428,8,9,1133,663,5116,11129,400,24,643,56,46,304,15348,3,13,5,123,533,4,8044,133,457,288,20,3,6,110,306,11284,3,8,3404,82432,1161,22,134,396,194,1011,233,356,3858,3573,712,40,12,1380,3163,865,41,15,22,858,9,29,7,1518,59929,21,4,134,84794,204,1544,10,47,52,9,19,16,7,219,585,1319,2543,1790,50468,772,3849,6857,115242,47,2495,299,435,110,9976,125,342,116,10,458,494,6,11,75,649,2487,9,59,3,3116,19,36,196,6,169,1378,505,60,14,144,708,10,14,6,14788,797,5,98,184,384,5147,231,2421,1317,1,77,1414,2633,2946,9034,949,2738,3548,84,9,13,2,245,0,1885,195,1171,10,2,1049,426,897,5,1462,0,112065,151,8,10,5568,18827,16,339,20,1875,1,39,94,455,18135,243762,45,897,1024,34173,350,205,146,233,161,0,0,39,9
2020-04-03,281,304,1171,439,8,15,1265,736,5330,11524,443,24,672,61,51,351,16770,4,16,5,132,579,4,9056,134,485,302,20,3,6,114,509,12437,8,8,3737,82511,1267,22,134,416,218,1079,269,396,4091,3946,712,49,12,1488,3368,985,46,16,22,961,9,35,7,1615,65202,21,4,155,91159,205,1613,12,50,73,15,23,18,7,222,623,1364,2567,1986,53183,820,4273,7428,119827,47,2617,310,464,122,10062,126,417,130,10,493,508,7,11,75,696,2612,9,70,3,3333,19,39,202,6,186,1510,591,64,14,174,791,10,14,6,15821,868,5,120,210,430,5370,252,2686,1475,1,92,1595,3018,3383,9886,1075,3183,4149,89,9,13,3,245,0,2039,207,1476,10,2,1114,450,934,7,1505,0,119199,159,10,10,6131,19606,16,348,20,1978,1,40,98,495,20921,275586,48,1072,1264,38689,369,227,153,237,194,0,0,39,9
2020-04-04,299,333,1251,466,10,15,1451,770,5550,11781,521,28,688,70,52,440,18431,4,16,5,139,624,4,10360,135,503,318,21,3,7,114,555,12978,8,9,4161,82543,1406,22,154,435,245,1126,288,426,4472,4269,712,50,14,1488,3465,1070,56,16,29,1039,9,38,12,1882,69500,21,4,162,96092,205,1673,12,61,111,18,23,20,7,264,678,1417,3082,2092,55743,878,4604,7851,124632,53,3139,323,531,126,10156,135,479,144,10,509,520,10,18,77,771,2729,9,70,4,3483,19,41,213,6,196,1688,752,66,14,201,919,10,14,9,16727,950,5,144,214,483,5550,277,2818,1673,1,96,1746,3094,3627,10524,1325,3613,4731,102,9,14,7,259,0,2179,219,1624,10,4,1189,471,977,7,1585,0,126168,166,10,10,6443,20505,16,355,20,2067,1,41,103,553,23934,308853,48,1225,1505,42477,400,266,155,240,217,0,0,39,9
2020-04-05,349,361,1320,501,14,15,1451,822,5687,12051,584,28,700,88,56,562,19691,5,22,5,157,654,6,11130,135,531,345,21,3,7,114,650,15756,8,9,4471,82602,1485,45,154,454,261,1182,320,446,4587,4561,712,59,14,1745,3646,1173,62,16,29,1097,9,43,12,1927,71412,21,4,174,100123,214,1735,12,61,121,18,24,21,7,268,733,1486,3588,2273,58226,961,4994,8430,128948,58,3139,345,584,142,10237,145,556,147,11,533,527,13,18,77,811,2804,9,72,4,3662,19,45,227,6,227,1890,864,73,14,214,1021,10,16,9,17953,1039,6,184,232,555,5687,298,3157,1801,1,104,2281,3246,4102,11278,1604,3864,5389,104,10,14,7,266,0,2402,222,1908,10,6,1309,485,997,7,1655,1,131646,176,12,10,6830,21100,19,363,22,2169,1,44,104,574,27069,337072,52,1308,1799,48436,400,342,159,241,237,4,0,39,9
2020-04-06,367,377,1423,525,16,15,1554,833,5797,12297,641,29,756,123,60,700,20814,7,26,5,183,674,6,12161,135,549,364,22,3,7,114,658,16563,8,9,4815,82665,1579,45,161,467,323,1222,350,465,4822,4875,712,90,15,1828,3747,1322,69,16,31,1108,10,44,14,2176,75343,24,4,188,103374,214,1755,12,70,128,18,31,24,7,298,744,1562,4778,2491,60500,1031,5364,8904,132547,58,3654,349,662,158,10284,145,665,216,12,542,541,14,19,77,843,2843,9,82,5,3793,19,47,241,6,244,2143,965,77,15,233,1120,10,16,9,18926,1106,6,253,238,570,5865,331,3766,1988,2,113,2561,3660,4413,11730,1832,4057,6343,105,10,14,7,266,4,2605,226,2200,11,6,1375,534,1021,7,1686,1,136675,178,12,10,7206,21657,19,373,24,2220,1,58,105,596,30217,366667,52,1319,2076,52279,406,457,165,245,254,4,0,39,10
2020-04-07,423,383,1468,545,17,19,1628,853,5895,12639,717,33,811,164,63,861,22194,7,26,5,194,764,6,14034,135,577,384,22,3,7,115,658,17872,8,10,5116,82718,1780,45,180,483,349,1282,396,494,5017,5266,712,90,15,1956,3747,1450,78,16,31,1149,10,52,15,2308,79163,30,4,196,107663,287,1832,12,77,144,33,33,25,7,305,817,1586,5311,2738,62589,1122,5709,9248,135586,63,3906,353,697,172,10331,170,743,228,14,548,548,14,20,78,880,2970,9,88,8,3963,19,56,293,6,268,2439,1056,79,15,241,1184,10,16,9,19709,1160,6,278,254,599,6086,371,4035,2100,2,115,2954,3764,4848,12442,2057,4417,7497,105,11,14,8,279,4,2795,237,2447,11,6,1481,581,1059,8,1749,2,141942,185,14,10,7693,22253,19,376,24,2258,1,65,107,623,34109,397505,52,1462,2359,55949,424,520,165,249,261,4,0,39,11
2020-04-08,444,400,1572,564,19,19,1715,881,6010,12942,822,40,823,218,63,1066,23403,8,26,5,210,804,6,16170,135,593,414,22,3,7,117,730,19141,8,10,5546,82809,2054,45,180,502,384,1343,457,526,5312,5597,712,135,15,2111,4450,1560,93,18,33,1185,12,55,15,2487,83057,34,4,211,113296,313,1884,12,87,164,33,37,27,8,312,895,1616,5916,2956,64586,1202,6074,9404,139422,63,4257,358,727,179,10384,184,855,270,15,577,576,31,21,78,912,3034,9,93,8,4119,19,59,299,6,273,2785,1174,81,16,248,1275,17,16,9,20682,1210,6,342,276,617,6086,419,4263,2249,2,119,4342,3870,5205,13141,2210,4761,8672,110,11,14,8,279,4,2932,244,2666,11,7,1623,682,1091,12,1845,2,148220,189,14,10,8419,23280,19,379,25,2369,1,70,107,628,38226,429052,53,1668,2659,61474,424,545,167,251,263,4,0,39,11
2020-04-09,484,409,1666,583,19,19,1795,921,6108,13244,926,41,887,330,66,1486,24983,9,26,5,264,858,13,18092,135,618,443,23,3,7,119,730,20654,8,11,5972,82883,2223,60,180,539,444,1407,515,564,5569,5830,712,135,15,2349,4965,1699,103,18,33,1207,12,56,15,2605,87366,44,4,218,118181,378,1955,12,95,194,36,37,30,8,343,980,1648,6725,3293,66220,1232,6574,9968,143626,63,4667,372,781,184,10423,184,910,280,16,589,582,31,24,78,955,3115,9,93,8,4228,19,74,337,7,314,3181,1289,84,16,252,1374,17,16,9,21903,1239,7,410,288,663,6211,457,4489,2528,2,124,5256,4076,5575,13956,2376,5202,10131,110,11,14,12,333,4,3287,250,2867,11,7,1910,701,1124,12,1934,3,153222,190,15,10,9141,24051,19,380,25,2423,1,73,109,643,42282,462780,53,1892,2990,65872,456,582,171,255,263,4,0,39,11
2020-04-10,521,416,1761,601,19,19,1975,937,6215,13555,991,42,925,424,67,1981,26667,10,35,5,268,901,13,19638,136,635,443,27,3,7,119,820,22059,8,11,6501,82941,2473,60,215,558,444,1495,564,595,5732,6014,712,150,16,2620,7161,1794,117,18,34,1258,12,65,16,2769,91738,44,4,234,122171,378,2011,14,126,212,36,37,31,8,382,1190,1675,7598,3512,68192,1279,8089,10408,147577,63,5530,372,812,189,10450,250,993,298,16,612,609,37,24,79,999,3223,9,93,9,4346,19,87,350,7,318,3441,1438,90,16,255,1448,20,16,9,23249,1283,7,438,305,711,6314,484,4695,2752,2,129,5897,4195,5955,15472,2512,5467,11917,118,12,15,12,344,4,3651,265,3105,11,8,2108,715,1160,21,2003,4,158273,190,17,10,9685,24551,19,382,32,2473,2,76,109,671,47029,496535,53,2203,3360,74605,473,624,171,257,267,4,1,40,13
2020-04-11,555,433,1825,601,19,21,1975,967,6303,13806,1058,46,1040,482,68,2226,28018,13,35,5,275,946,13,20727,136,661,484,38,5,8,120,820,23316,8,11,6927,83014,2709,60,223,577,533,1534,620,616,5831,6191,712,187,16,2759,7257,1939,118,18,34,1304,12,69,16,2905,94863,46,9,242,124908,408,2081,14,137,250,38,45,33,8,392,1310,1689,8446,3842,70029,1318,8928,10743,152271,65,6005,381,865,191,10480,283,1154,339,18,630,619,48,24,79,1026,3270,9,102,12,4530,19,87,370,7,319,3844,1560,92,16,263,1545,20,16,9,24571,1312,8,491,318,760,6409,546,5011,2974,2,133,6848,4428,6356,15987,2728,5990,13584,120,12,15,12,356,4,4033,278,3380,11,8,2299,728,1188,21,2028,4,163027,198,19,10,10151,25107,25,385,32,2518,2,76,112,685,52167,526396,53,2511,3736,79874,494,767,175,258,268,4,1,40,14
2020-04-12,607,446,1914,638,19,21,2142,1013,6315,13945,1098,46,1136,621,71,2578,29647,14,35,5,300,1009,13,22192,136,675,497,41,5,8,122,820,24298,8,18,7213,83134,2776,60,234,595,574,1600,669,633,5991,6369,712,214,16,2967,7466,2065,125,21,34,1309,14,71,16,2974,121712,49,9,257,127854,566,2114,14,155,250,38,45,33,8,393,1410,1701,9205,4241,71686,1352,9655,11145,156363,69,6748,389,951,197,10512,283,1234,377,19,651,630,50,25,79,1053,3281,9,106,13,4683,20,105,378,7,324,4219,1662,93,16,272,1661,21,16,12,25746,1330,9,529,323,828,6525,599,5230,3234,2,134,7519,4648,6674,16585,2979,6300,15770,126,12,15,12,356,4,4462,280,3630,11,10,2532,742,1205,25,2173,4,166831,210,19,10,10483,25415,25,388,32,2551,2,76,113,707,56956,555313,54,2777,4123,85206,480,865,181,262,290,6,1,43,14
2020-04-13,665,467,1983,646,19,23,2208,1039,6351,14041,1148,47,1361,803,72,2919,30589,18,35,5,330,1037,13,23430,136,685,497,62,5,10,122,820,25679,11,23,7525,83213,2852,60,235,612,626,1650,726,662,6059,6513,712,298,16,3167,7529,2190,137,21,34,1332,15,74,16,3064,125394,57,9,272,130072,566,2145,14,156,319,38,45,40,8,397,1458,1711,10453,4557,73303,1378,10647,11586,159516,73,7370,391,1091,208,10537,283,1300,419,19,655,632,59,26,79,1062,3292,9,106,16,4817,20,123,384,7,324,4661,1712,93,17,274,1763,21,16,14,26710,1349,9,529,343,854,6603,727,5496,3400,2,147,9784,4932,6934,16934,3231,6633,18328,127,12,15,12,356,4,4934,291,4054,11,10,2918,769,1212,60,2272,4,170099,217,29,10,10948,25688,25,393,49,2579,4,77,113,726,61049,580619,54,3102,4521,89570,480,998,189,265,308,6,1,45,17
2020-04-14,714,475,2070,659,19,23,2277,1067,6415,14226,1197,49,1528,1012,72,3281,31119,18,35,5,354,1083,13,25262,136,713,528,63,5,11,122,848,27034,11,23,7917,83306,2979,60,241,618,638,1704,766,695,6111,6706,712,363,16,3286,7603,2350,149,41,34,1373,15,82,16,3161,131361,57,9,300,131359,636,2170,14,167,363,38,47,40,8,407,1512,1720,11487,4839,74877,1400,11479,12046,162488,73,7645,397,1232,216,10564,387,1355,430,19,657,641,59,35,79,1070,3307,9,108,16,4987,20,144,393,7,324,5014,1934,93,30,283,1888,28,16,16,27580,1366,9,570,373,908,6623,813,5837,3472,2,159,10303,5223,7202,17448,3428,6879,21102,134,14,15,12,371,4,5369,299,4465,11,11,3252,835,1220,60,2415,4,172541,233,32,10,11445,25936,29,393,53,2613,6,77,113,747,65111,607670,55,3372,4933,94845,483,1165,189,266,308,6,1,45,17
2020-04-15,784,494,2160,673,19,23,2443,1111,6440,14336,1253,49,1671,1231,73,3728,33573,18,35,5,397,1110,13,28320,136,747,542,74,5,56,122,848,28208,12,23,8273,83356,3105,117,254,626,638,1741,814,715,6216,6876,712,435,16,3614,7858,2505,159,51,35,1400,15,85,16,3237,134582,80,9,306,134753,636,2192,14,180,404,43,55,41,8,419,1579,1727,12322,5136,76389,1415,12547,12501,165155,125,8100,401,1295,225,10591,387,1405,449,19,666,658,59,48,79,1091,3373,9,110,16,5072,22,148,399,7,324,5399,2049,93,30,288,2024,29,16,16,28316,1386,9,584,407,974,6740,910,6383,3574,2,161,11475,5453,7582,18091,3711,7216,24490,136,14,15,12,372,4,5862,314,4873,11,13,3699,863,1248,80,2506,4,177644,238,32,10,11927,26336,33,395,88,2643,8,81,114,780,69392,636350,55,3764,5365,99483,492,1302,197,267,374,6,1,48,23
2020-04-16,840,518,2268,673,19,23,2571,1159,6462,14476,1283,53,1700,1572,75,4204,34809,18,35,5,441,1167,15,30425,136,800,546,85,5,56,122,996,30808,12,27,8807,83403,3233,117,267,642,654,1791,862,735,6433,7074,712,591,16,3755,8225,2673,164,51,35,1434,16,92,17,3369,147091,80,9,348,137698,641,2207,14,196,438,43,55,41,8,426,1652,1739,13430,5516,77995,1434,13271,12758,168941,143,8626,402,1402,234,10613,449,1524,466,19,675,663,59,49,79,1128,3444,9,111,16,5182,25,171,412,7,324,5847,2154,93,31,303,2283,31,16,16,29383,1401,9,584,442,1081,6896,1019,6919,3751,7,174,12491,5660,7918,18841,4103,7707,27938,138,14,15,12,426,4,6380,335,5318,11,15,4427,977,1268,80,2605,4,184948,238,32,10,12540,26732,33,395,94,2672,18,81,114,822,74193,667592,55,4161,5825,104145,502,1349,204,268,374,6,1,48,23
2020-04-17,906,539,2418,696,19,23,2669,1201,6522,14595,1340,54,1740,1838,75,4779,36138,18,35,5,465,1214,15,33682,136,846,557,88,5,56,122,996,32813,12,27,9252,83760,3439,143,287,649,688,1814,923,750,6549,7268,712,732,16,4126,8450,2844,177,79,35,1459,16,96,17,3489,149130,108,9,370,141397,641,2224,14,214,477,43,63,43,8,442,1763,1754,14352,5923,79494,1482,13980,12982,172434,143,9787,407,1546,246,10635,480,1658,489,19,682,668,76,49,79,1149,3480,9,117,17,5251,28,171,422,7,324,6297,2264,94,31,303,2564,34,16,30,30619,1409,9,627,493,1117,6937,1069,7025,4016,7,199,13489,5878,8379,19022,4663,8067,32008,143,14,15,12,435,4,7142,342,5690,11,26,5050,1049,1304,116,2783,4,190839,244,33,10,13216,27078,38,395,147,2700,18,83,114,864,78546,699706,56,4662,6302,109769,502,1405,204,268,402,6,1,52,24
2020-04-18,933,548,2534,704,24,23,2758,1248,6547,14671,1373,55,1773,2144,75,4779,37183,18,35,5,493,1268,15,36658,137,878,565,98,5,58,122,1017,34355,12,33,9730,83787,3439,143,307,655,801,1832,986,761,6606,7437,712,732,16,4335,9022,3032,190,79,39,1512,22,105,17,3681,149149,108,9,388,143342,834,2235,14,235,518,46,63,44,8,457,1834,1760,15722,6248,80868,1513,14758,13265,175925,163,10296,413,1615,262,10653,510,1751,506,19,712,672,76,49,79,1239,3537,9,120,17,5305,35,216,426,7,325,6875,2378,94,31,307,2685,35,16,31,31766,1422,9,639,542,1170,7036,1180,7638,4210,7,202,14420,6087,8742,19685,5008,8418,36793,144,14,15,12,455,4,8274,350,5994,11,30,5992,1089,1317,135,3034,4,191726,254,66,10,13822,27404,38,398,147,2733,18,84,114,864,82329,732197,55,5106,6302,115314,508,1490,227,268,418,6,1,57,25
2020-04-19,996,562,2629,713,24,23,2839,1291,6547,14749,1398,55,1881,2456,75,4779,38496,18,35,5,520,1285,20,38654,138,894,576,111,5,61,122,1017,35632,12,33,10088,83805,3792,143,327,660,847,1871,1035,767,6746,7580,712,846,16,4680,9468,3144,201,79,39,1528,22,108,17,3783,154097,109,10,394,145184,1042,2235,14,257,579,50,65,47,8,472,1916,1771,17615,6575,82211,1539,15251,13491,178972,173,10797,417,1676,270,10661,510,1915,554,19,727,673,91,51,81,1298,3550,9,121,17,5389,52,224,427,7,328,7497,2472,94,32,308,2855,39,16,31,32838,1431,10,648,627,1207,7078,1266,8348,4273,7,206,15628,6259,9287,20206,5448,8746,42853,147,14,15,12,461,4,9362,367,6318,11,35,6588,1161,1330,164,3158,4,198674,271,66,10,14385,27740,39,420,170,2765,19,84,114,879,86306,759086,55,5449,6781,121172,517,1565,256,268,437,6,1,61,25
2020-04-20,1026,584,2718,717,24,23,2941,1339,6547,14795,1436,60,1907,2948,75,6264,39983,18,54,5,564,1309,20,40743,138,929,581,119,5,67,122,1163,37657,12,33,10507,83817,3977,160,332,662,847,1881,1087,772,6900,7711,712,846,16,4964,10128,3333,218,79,39,1535,24,111,18,3868,156480,120,10,402,147065,1042,2245,14,289,622,50,65,57,9,477,1984,1773,18539,6760,83505,1574,15652,13713,181228,223,10797,425,1852,281,10674,510,1995,568,19,739,677,99,51,81,1326,3558,9,121,17,5425,69,246,431,7,328,8261,2548,94,33,312,3046,39,16,31,33588,1440,10,648,665,1225,7156,1410,8418,4467,7,208,16325,6459,9593,20863,6015,8936,47121,147,15,15,12,462,4,10484,377,6630,11,43,8014,1173,1335,237,3300,4,200210,304,107,10,14777,27944,39,422,254,2792,22,84,114,884,90980,784326,56,5710,7265,125856,535,1627,256,268,449,6,1,65,25
