Date,Afghanistan,Albania,Algeria,Andorra,Angola,Antigua and Barbuda,Argentina,Armenia,Australia,Austria,Azerbaijan,Bahamas,Bahrain,Bangladesh,Barbados,Belarus,Belgium,Belize,Benin,Bhutan,Bolivia,Bosnia and Herzegovina,Botswana,Brazil,Brunei,Bulgaria,Burkina Faso,Burma,Burundi,Cabo Verde,Cambodia,Cameroon,Canada,Central African Republic,Chad,Chile,China,Colombia,Comoros,Congo (Brazzaville),Congo (Kinshasa),Costa Rica,Cote d'Ivoire,Croatia,Cuba,Cyprus,Czechia,Denmark,Diamond Princess,Djibouti,Dominica,Dominican Republic,Ecuador,Egypt,El Salvador,Equatorial Guinea,Eritrea,Estonia,Eswatini,Ethiopia,Fiji,Finland,France,Gabon,Gambia,Georgia,Germany,Ghana,Greece,Grenada,Guatemala,Guinea,Guinea-Bissau,Guyana,Haiti,Holy See,Honduras,Hungary,Iceland,India,Indonesia,Iran,Iraq,Ireland,Israel,Italy,Jamaica,Japan,Jordan,Kazakhstan,Kenya,"Korea, South",Kosovo,Kuwait,Kyrgyzstan,Laos,Latvia,Lebanon,Liberia,Libya,Liechtenstein,Lithuania,Luxembourg,MS Zaandam,Madagascar,Malawi,Malaysia,Maldives,Mali,Malta,Mauritania,Mauritius,Mexico,Moldova,Monaco,Mongolia,Montenegro,Morocco,Mozambique,Namibia,Nepal,Netherlands,New Zealand,Nicaragua,Niger,Nigeria,North Macedonia,Norway,Oman,Pakistan,Panama,Papua New Guinea,Paraguay,Peru,Philippines,Poland,Portugal,Qatar,Romania,Russia,Rwanda,Saint Kitts and Nevis,Saint Lucia,Saint Vincent and the Grenadines,San Marino,Sao Tome and Principe,Saudi Arabia,Senegal,Serbia,Seychelles,Sierra Leone,Singapore,Slovakia,Slovenia,Somalia,South Africa,South Sudan,Spain,Sri Lanka,Sudan,Suriname,Sweden,Switzerland,Syria,Taiwan*,Tajikistan,Tanzania,Thailand,Timor-Leste,Togo,Trinidad and Tobago,Tunisia,Turkey,US,Uganda,Ukraine,United Arab Emirates,United Kingdom,Uruguay,Uzbekistan,Venezuela,Vietnam,West Bank and Gaza,Western Sahara,Yemen,Zambia,Zimbabwe
2020-01-22,0,0,0,0,0,0,0,0,0,0,0,0,0,0,0,0,0,0,0,0,0,0,0,0,0,0,0,0,0,0,0,0,0,0,0,0,28,0,0,0,0,0,0,0,0,0,0,0,0,0,0,0,0,0,0,0,0,0,0,0,0,0,0,0,0,0,0,0,0,0,0,0,0,0,0,0,0,0,0,0,0,0,0,0,0,0,0,0,0,0,0,0,0,0,0,0,0,0,0,0,0,0,0,0,0,0,0,0,0,0,0,0,0,0,0,0,0,0,0,0,0,0,0,0,0,0,0,0,0,0,0,0,0,0,0,0,0,0,0,0,0,0,0,0,0,0,0,0,0,0,0,0,0,0,0,0,0,0,0,0,0,0,0,0,0,0,0,0,0,0,0,0,0,0,0,0,0,0,0,0,0,0,0,0,0,0,0
2020-01-23,0,0,0,0,0,0,0,0,0,0,0,0,0,0,0,0,0,0,0,0,0,0,0,0,0,0,0,0,0,0,0,0,0,0,0,0,30,0,0,0,0,0,0,0,0,0,0,0,0,0,0,0,0,0,0,0,0,0,0,0,0,0,0,0,0,0,0,0,0,0,0,0,0,0,0,0,0,0,0,0,0,0,0,0,0,0,0,0,0,0,0,0,0,0,0,0,0,0,0,0,0,0,0,0,0,0,0,0,0,0,0,0,0,0,0,0,0,0,0,0,0,0,0,0,0,0,0,0,0,0,0,0,0,0,0,0,0,0,0,0,0,0,0,0,0,0,0,0,0,0,0,0,0,0,0,0,0,0,0,0,0,0,0,0,0,0,0,0,0,0,0,0,0,0,0,0,0,0,0,0,0,0,0,0,0,0,0
2020-01-24,0,0,0,0,0,0,0,0,0,0,0,0,0,0,0,0,0,0,0,0,0,0,0,0,0,0,0,0,0,0,0,0,0,0,0,0,36,0,0,0,0,0,0,0,0,0,0,0,0,0,0,0,0,0,0,0,0,0,0,0,0,0,0,0,0,0,0,0,0,0,0,0,0,0,0,0,0,0,0,0,0,0,0,0,0,0,0,0,0,0,0,0,0,0,0,0,0,0,0,0,0,0,0,0,0,0,0,0,0,0,0,0,0,0,0,0,0,0,0,0,0,0,0,0,0,0,0,0,0,0,0,0,0,0,0,0,0,0,0,0,0,0,0,0,0,0,0,0,0,0,0,0,0,0,0,0,0,0,0,0,0,0,0,0,0,0,0,0,0,0,0,0,0,0,0,0,0,0,0,0,0,0,0,0,0,0,0
2020-01-25,0,0,0,0,0,0,0,0,0,0,0,0,0,0,0,0,0,0,0,0,0,0,0,0,0,0,0,0,0,0,0,0,0,0,0,0,39,0,0,0,0,0,0,0,0,0,0,0,0,0,0,0,0,0,0,0,0,0,0,0,0,0,0,0,0,0,0,0,0,0,0,0,0,0,0,0,0,0,0,0,0,0,0,0,0,0,0,0,0,0,0,0,0,0,0,0,0,0,0,0,0,0,0,0,0,0,0,0,0,0,0,0,0,0,0,0,0,0,0,0,0,0,0,0,0,0,0,0,0,0,0,0,0,0,0,0,0,0,0,0,0,0,0,0,0,0,0,0,0,0,0,0,0,0,0,0,0,0,0,0,0,0,0,0,0,0,0,0,0,0,0,0,0,0,0,0,0,0,0,0,0,0,0,0,0,0,0
2020-01-26,0,0,0,0,0,0,0,0,0,0,0,0,0,0,0,0,0,0,0,0,0,0,0,0,0,0,0,0,0,0,0,0,0,0,0,0,49,0,0,0,0,0,0,0,0,0,0,0,0,0,0,0,0,0,0,0,0,0,0,0,0,0,0,0,0,0,0,0,0,0,0,0,0,0,0,0,0,0,0,0,0,0,0,0,0,0,0,1,0,0,0,0,0,0,0,0,0,0,0,0,0,0,0,0,0,0,0,0,0,0,0,0,0,0,0,0,0,0,0,0,0,0,0,0,0,0,0,0,0,0,0,0,0,0,0,0,0,0,0,0,0,0,0,0,0,0,0,0,0,0,0,0,0,0,0,0,0,0,0,0,0,0,0,0,0,0,0,2,0,0,0,0,0,0,0,0,0,0,0,0,0,0,0,0,0,0,0
2020-01-27,0,0,0,0,0,0,0,0,0,0,0,0,0,0,0,0,0,0,0,0,0,0,0,0,0,0,0,0,0,0,0,0,0,0,0,0,58,0,0,0,0,0,0,0,0,0,0,0,0,0,0,0,0,0,0,0,0,0,0,0,0,0,0,0,0,0,0,0,0,0,0,0,0,0,0,0,0,0,0,0,0,0,0,0,0,0,0,1,0,0,0,0,0,0,0,0,0,0,0,0,0,0,0,0,0,0,0,0,0,0,0,0,0,0,0,0,0,0,0,0,0,0,0,0,0,0,0,0,0,0,0,0,0,0,0,0,0,0,0,0,0,0,0,0,0,0,0,0,0,0,0,0,0,0,0,0,0,0,0,0,0,0,0,0,0,0,0,2,0,0,0,0,0,0,0,0,0,0,0,0,0,0,0,0,0,0,0
2020-01-28,0,0,0,0,0,0,0,0,0,0,0,0,0,0,0,0,0,0,0,0,0,0,0,0,0,0,0,0,0,0,0,0,0,0,0,0,101,0,0,0,0,0,0,0,0,0,0,0,0,0,0,0,0,0,0,0,0,0,0,0,0,0,0,0,0,0,0,0,0,0,0,0,0,0,0,0,0,0,0,0,0,0,0,0,0,0,0,1,0,0,0,0,0,0,0,0,0,0,0,0,0,0,0,0,0,0,0,0,0,0,0,0,0,0,0,0,0,0,0,0,0,0,0,0,0,0,0,0,0,0,0,0,0,0,0,0,0,0,0,0,0,0,0,0,0,0,0,0,0,0,0,0,0,0,0,0,0,0,0,0,0,0,0,0,0,0,0,5,0,0,0,0,0,0,0,0,0,0,0,0,0,0,0,0,0,0,0
2020-01-29,0,0,0,0,0,0,0,0,0,0,0,0,0,0,0,0,0,0,0,0,0,0,0,0,0,0,0,0,0,0,0,0,0,0,0,0,120,0,0,0,0,0,0,0,0,0,0,0,0,0,0,0,0,0,0,0,0,0,0,0,0,0,0,0,0,0,0,0,0,0,0,0,0,0,0,0,0,0,0,0,0,0,0,0,0,0,0,1,0,0,0,0,0,0,0,0,0,0,0,0,0,0,0,0,0,0,0,0,0,0,0,0,0,0,0,0,0,0,0,0,0,0,0,0,0,0,0,0,0,0,0,0,0,0,0,0,0,0,0,0,0,0,0,0,0,0,0,0,0,0,0,0,0,0,0,0,0,0,0,0,0,0,0,0,0,0,0,5,0,0,0,0,0,0,0,0,0,0,0,0,0,0,0,0,0,0,0
2020-01-30,0,0,0,0,0,0,0,0,2,0,0,0,0,0,0,0,0,0,0,0,0,0,0,0,0,0,0,0,0,0,0,0,0,0,0,0,135,0,0,0,0,0,0,0,0,0,0,0,0,0,0,0,0,0,0,0,0,0,0,0,0,0,0,0,0,0,0,0,0,0,0,0,0,0,0,0,0,0,0,0,0,0,0,0,0,0,0,1,0,0,0,0,0,0,0,0,0,0,0,0,0,0,0,0,0,0,0,0,0,0,0,0,0,0,0,0,0,0,0,0,0,0,0,0,0,0,0,0,0,0,0,0,0,0,0,0,0,0,0,0,0,0,0,0,0,0,0,0,0,0,0,0,0,0,0,0,0,0,0,0,0,0,0,0,0,0,0,5,0,0,0,0,0,0,0,0,0,0,0,0,0,0,0,0,0,0,0
2020-01-31,0,0,0,0,0,0,0,0,2,0,0,0,0,0,0,0,0,0,0,0,0,0,0,0,0,0,0,0,0,0,0,0,0,0,0,0,214,0,0,0,0,0,0,0,0,0,0,0,0,0,0,0,0,0,0,0,0,0,0,0,0,0,0,0,0,0,0,0,0,0,0,0,0,0,0,0,0,0,0,0,0,0,0,0,0,0,0,1,0,0,0,0,0,0,0,0,0,0,0,0,0,0,0,0,0,0,0,0,0,0,0,0,0,0,0,0,0,0,0,0,0,0,0,0,0,0,0,0,0,0,0,0,0,0,0,0,0,0,0,0,0,0,0,0,0,0,0,0,0,0,0,0,0,0,0,0,0,0,0,0,0,0,0,0,0,0,0,5,0,0,0,0,0,0,0,0,0,0,0,0,0,0,0,0,0,0,0
2020-02-01,0,0,0,0,0,0,0,0,2,0,0,0,0,0,0,0,0,0,0,0,0,0,0,0,0,0,0,0,0,0,0,0,0,0,0,0,275,0,0,0,0,0,0,0,0,0,0,0,0,0,0,0,0,0,0,0,0,0,0,0,0,0,0,0,0,0,0,0,0,0,0,0,0,0,0,0,0,0,0,0,0,0,0,0,0,0,0,1,0,0,0,0,0,0,0,0,0,0,0,0,0,0,0,0,0,0,0,0,0,0,0,0,0,0,0,0,0,0,0,0,0,0,0,0,0,0,0,0,0,0,0,0,0,0,0,0,0,0,0,0,0,0,0,0,0,0,0,0,0,0,0,0,0,0,0,0,0,0,0,0,0,0,0,0,0,0,0,5,0,0,0,0,0,0,0,0,0,0,0,0,0,1,0,0,0,0,0
2020-02-02,0,0,0,0,0,0,0,0,2,0,0,0,0,0,0,0,0,0,0,0,0,0,0,0,0,0,0,0,0,0,0,0,0,0,0,0,463,0,0,0,0,0,0,0,0,0,0,0,0,0,0,0,0,0,0,0,0,0,0,0,0,0,0,0,0,0,0,0,0,0,0,0,0,0,0,0,0,0,0,0,0,0,0,0,0,0,0,1,0,0,0,0,0,0,0,0,0,0,0,0,0,0,0,0,0,0,0,0,0,0,0,0,0,0,0,0,0,0,0,0,0,0,0,0,0,0,0,0,0,0,0,0,0,0,0,0,0,0,0,0,0,0,0,0,0,0,0,0,0,0,0,0,0,0,0,0,0,0,0,0,0,0,0,0,0,0,0,5,0,0,0,0,0,0,0,0,0,0,0,0,0,1,0,0,0,0,0
2020-02-03,0,0,0,0,0,0,0,0,2,0,0,0,0,0,0,0,0,0,0,0,0,0,0,0,0,0,0,0,0,0,0,0,0,0,0,0,614,0,0,0,0,0,0,0,0,0,0,0,0,0,0,0,0,0,0,0,0,0,0,0,0,0,0,0,0,0,0,0,0,0,0,0,0,0,0,0,0,0,0,0,0,0,0,0,0,0,0,1,0,0,0,0,0,0,0,0,0,0,0,0,0,0,0,0,0,0,0,0,0,0,0,0,0,0,0,0,0,0,0,0,0,0,0,0,0,0,0,0,0,0,0,0,0,0,0,0,0,0,0,0,0,0,0,0,0,0,0,0,0,0,0,0,0,0,0,0,0,0,0,0,0,0,0,0,0,0,0,5,0,0,0,0,0,0,0,0,0,0,0,0,0,1,0,0,0,0,0
2020-02-04,0,0,0,0,0,0,0,0,2,0,0,0,0,0,0,0,0,0,0,0,0,0,0,0,0,0,0,0,0,0,0,0,0,0,0,0,843,0,0,0,0,0,0,0,0,0,0,0,0,0,0,0,0,0,0,0,0,0,0,0,0,0,0,0,0,0,0,0,0,0,0,0,0,0,0,0,0,0,0,0,0,0,0,0,0,0,0,1,0,0,0,0,0,0,0,0,0,0,0,0,0,0,0,0,0,0,0,0,0,0,0,0,0,0,0,0,0,0,0,0,0,0,0,0,0,0,0,0,0,0,0,0,0,0,0,0,0,0,0,0,0,0,0,0,0,0,0,0,0,0,0,0,0,0,0,0,0,0,0,0,0,0,0,0,0,0,0,5,0,0,0,0,0,0,0,0,0,0,0,0,0,1,0,0,0,0,0
2020-02-05,0,0,0,0,0,0,0,0,2,0,0,0,0,0,0,0,0,0,0,0,0,0,0,0,0,0,0,0,0,0,0,0,0,0,0,0,1115,0,0,0,0,0,0,0,0,0,0,0,0,0,0,0,0,0,0,0,0,0,0,0,0,0,0,0,0,0,0,0,0,0,0,0,0,0,0,0,0,0,0,0,0,0,0,0,0,0,0,1,0,0,0,0,0,0,0,0,0,0,0,0,0,0,0,0,0,0,0,0,0,0,0,0,0,0,0,0,0,0,0,0,0,0,0,0,0,0,0,0,0,0,0,0,0,0,0,0,0,0,0,0,0,0,0,0,0,0,0,0,0,0,0,0,0,0,0,0,0,0,0,0,0,0,0,0,0,0,0,5,0,0,0,0,0,0,0,0,0,0,0,0,0,1,0,0,0,0,0
2020-02-06,0,0,0,0,0,0,0,0,2,0,0,0,0,0,0,0,0,0,0,0,0,0,0,0,0,0,0,0,0,0,0,0,0,0,0,0,1477,0,0,0,0,0,0,0,0,0,0,0,0,0,0,0,0,0,0,0,0,0,0,0,0,0,0,0,0,0,0,0,0,0,0,0,0,0,0,0,0,0,0,0,0,0,0,0,0,0,0,1,0,0,0,0,0,0,0,0,0,0,0,0,0,0,0,0,0,0,0,0,0,0,0,0,0,0,0,0,0,0,0,0,0,0,0,0,0,0,0,0,0,0,0,0,0,0,0,0,0,0,0,0,0,0,0,0,0,0,0,0,0,0,0,0,0,0,0,0,0,0,0,0,0,0,0,0,1,0,0,5,0,0,0,0,0,0,0,0,0,0,0,0,0,1,0,0,0,0,0
2020-02-07,0,0,0,0,0,0,0,0,2,0,0,0,0,0,0,0,0,0,0,0,0,0,0,0,0,0,0,0,0,0,0,0,0,0,0,0,1999,0,0,0,0,0,0,0,0,0,0,0,0,0,0,0,0,0,0,0,0,0,0,0,0,0,0,0,0,0,0,0,0,0,0,0,0,0,0,0,0,0,0,0,0,0,0,0,0,0,0,1,0,0,0,1,0,0,0,0,0,0,0,0,0,0,0,0,0,0,1,0,0,0,0,0,0,0,0,0,0,0,0,0,0,0,0,0,0,0,0,0,0,0,0,0,0,0,0,0,0,0,0,0,0,0,0,0,0,0,0,0,0,0,0,0,0,0,0,0,0,0,0,0,0,0,0,0,1,0,0,5,0,0,0,0,0,0,0,0,0,0,0,0,0,1,0,0,0,0,0
2020-02-08,0,0,0,0,0,0,0,0,2,0,0,0,0,0,0,0,0,0,0,0,0,0,0,0,0,0,0,0,0,0,0,0,0,0,0,0,2596,0,0,0,0,0,0,0,0,0,0,0,0,0,0,0,0,0,0,0,0,0,0,0,0,0,0,0,0,0,0,0,0,0,0,0,0,0,0,0,0,0,0,0,0,0,0,0,0,0,0,1,0,0,0,1,0,0,0,0,0,0,0,0,0,0,0,0,0,0,1,0,0,0,0,0,0,0,0,0,0,0,0,0,0,0,0,0,0,0,0,0,0,0,0,0,0,0,0,0,0,0,0,0,0,0,0,0,0,0,0,0,0,0,0,2,0,0,0,0,0,0,1,0,0,0,0,0,1,0,0,10,0,0,0,0,0,0,0,0,0,0,0,0,0,1,0,0,0,0,0
2020-02-09,0,0,0,0,0,0,0,0,2,0,0,0,0,0,0,0,0,0,0,0,0,0,0,0,0,0,0,0,0,0,0,0,0,0,0,0,3219,0,0,0,0,0,0,0,0,0,0,0,0,0,0,0,0,0,0,0,0,0,0,0,0,0,0,0,0,0,0,0,0,0,0,0,0,0,0,0,0,0,0,0,0,0,0,0,0,0,0,1,0,0,0,3,0,0,0,0,0,0,0,0,0,0,0,0,0,0,1,0,0,0,0,0,0,0,0,0,0,0,0,0,0,0,0,0,0,0,0,0,0,0,0,0,0,0,0,0,0,0,0,0,0,0,0,0,0,0,0,0,0,0,0,2,0,0,0,0,0,0,1,0,0,0,0,0,1,0,0,10,0,0,0,0,0,3,0,0,0,0,0,0,0,1,0,0,0,0,0
2020-02-10,0,0,0,0,0,0,0,0,2,0,0,0,0,0,0,0,0,0,0,0,0,0,0,0,0,0,0,0,0,0,0,0,0,0,0,0,3918,0,0,0,0,0,0,0,0,0,0,0,0,0,0,0,0,0,0,0,0,0,0,0,0,0,0,0,0,0,0,0,0,0,0,0,0,0,0,0,0,0,0,0,0,0,0,0,0,0,0,4,0,0,0,3,0,0,0,0,0,0,0,0,0,0,0,0,0,0,1,0,0,0,0,0,0,0,0,0,0,0,0,0,0,0,0,0,0,0,0,0,0,0,0,0,0,0,0,0,0,0,0,0,0,0,0,0,0,0,0,0,0,0,0,2,0,0,0,0,0,0,1,0,0,0,0,0,1,0,0,10,0,0,0,0,0,3,0,0,0,0,0,0,0,1,0,0,0,0,0
2020-02-11,0,0,0,0,0,0,0,0,2,0,0,0,0,0,0,0,0,0,0,0,0,0,0,0,0,0,0,0,0,0,0,0,0,0,0,0,4636,0,0,0,0,0,0,0,0,0,0,0,0,0,0,0,0,0,0,0,0,0,0,0,0,0,0,0,0,0,0,0,0,0,0,0,0,0,0,0,0,0,0,0,0,0,0,0,0,0,0,9,0,0,0,3,0,0,0,0,0,0,0,0,0,0,0,0,0,0,3,0,0,0,0,0,0,0,0,0,0,0,0,0,0,0,0,0,0,0,0,0,0,0,0,0,0,0,0,0,0,0,0,0,0,0,0,0,0,0,0,0,0,0,0,9,0,0,0,0,0,0,1,0,0,0,0,0,1,0,0,10,0,0,0,0,0,3,0,0,0,0,0,0,0,6,0,0,0,0,0
2020-02-12,0,0,0,0,0,0,0,0,2,0,0,0,0,0,0,0,0,0,0,0,0,0,0,0,0,0,0,0,0,0,1,0,1,0,0,0,5082,0,0,0,0,0,0,0,0,0,0,0,0,0,0,0,0,0,0,0,0,0,0,0,0,1,2,0,0,0,0,0,0,0,0,0,0,0,0,0,0,0,0,0,0,0,0,0,0,0,0,9,0,0,0,7,0,0,0,0,0,0,0,0,0,0,0,0,0,0,3,0,0,0,0,0,0,0,0,0,0,0,0,0,1,0,0,0,0,0,0,0,0,0,0,0,0,0,1,0,0,0,0,2,0,0,0,0,0,0,0,0,0,0,0,15,0,0,0,0,0,0,1,0,0,0,0,0,1,0,0,10,0,0,0,0,0,3,0,0,1,1,0,0,0,6,0,0,0,0,0
2020-02-13,0,0,0,0,0,0,0,0,8,0,0,0,0,0,0,0,0,0,0,0,0,0,0,0,0,0,0,0,0,0,1,0,1,0,0,0,6217,0,0,0,0,0,0,0,0,0,0,0,0,0,0,0,0,0,0,0,0,0,0,0,0,1,2,0,0,0,1,0,0,0,0,0,0,0,0,0,0,0,0,0,0,0,0,0,0,0,0,9,0,0,0,7,0,0,0,0,0,0,0,0,0,0,0,0,0,0,3,0,0,0,0,0,0,0,0,0,0,0,0,0,1,0,0,0,0,0,0,0,0,0,0,0,0,0,1,0,0,0,0,2,0,0,0,0,0,0,0,0,0,0,0,15,0,0,0,0,0,0,1,0,0,0,0,0,1,0,0,12,0,0,0,0,0,3,0,0,1,1,0,0,0,7,0,0,0,0,0
2020-02-14,0,0,0,0,0,0,0,0,8,0,0,0,0,0,0,0,0,0,0,0,0,0,0,0,0,0,0,0,0,0,1,0,1,0,0,0,7977,0,0,0,0,0,0,0,0,0,0,0,0,0,0,0,0,0,0,0,0,0,0,0,0,1,2,0,0,0,1,0,0,0,0,0,0,0,0,0,0,0,0,0,0,0,0,0,0,0,0,9,0,0,0,7,0,0,0,0,0,0,0,0,0,0,0,0,0,0,3,0,0,0,0,0,0,0,0,0,0,0,0,0,1,0,0,0,0,0,0,0,0,0,0,0,0,0,1,0,0,0,0,2,0,0,0,0,0,0,0,0,0,0,0,17,0,0,0,0,0,0,1,0,0,0,0,0,2,0,0,12,0,0,0,0,0,3,0,0,1,1,0,0,0,7,0,0,0,0,0
2020-02-15,0,0,0,0,0,0,0,0,8,0,0,0,0,0,0,0,0,0,0,0,0,0,0,0,0,0,0,0,0,0,1,0,1,0,0,0,9298,0,0,0,0,0,0,0,0,0,0,0,0,0,0,0,0,0,0,0,0,0,0,0,0,1,4,0,0,0,1,0,0,0,0,0,0,0,0,0,0,0,0,0,0,0,0,0,0,0,0,12,0,0,0,9,0,0,0,0,0,0,0,0,0,0,0,0,0,0,7,0,0,0,0,0,0,0,0,0,0,0,0,0,1,0,0,0,0,0,0,0,0,0,0,0,0,0,1,0,0,0,0,2,0,0,0,0,0,0,0,0,0,0,0,18,0,0,0,0,0,2,1,0,0,0,0,0,2,0,0,12,0,0,0,0,0,3,0,0,3,1,0,0,0,7,0,0,0,0,0
2020-02-16,0,0,0,0,0,0,0,0,8,0,0,0,0,0,0,0,0,0,0,0,0,0,0,0,0,0,0,0,0,0,1,0,1,0,0,0,10755,0,0,0,0,0,0,0,0,0,0,0,0,0,0,0,0,0,0,0,0,0,0,0,0,1,4,0,0,0,1,0,0,0,0,0,0,0,0,0,0,0,0,3,0,0,0,0,0,0,0,12,0,0,0,9,0,0,0,0,0,0,0,0,0,0,0,0,0,0,7,0,0,0,0,0,0,0,0,0,0,0,0,0,1,0,0,0,0,0,0,0,0,0,0,0,0,0,1,0,0,0,0,2,0,0,0,0,0,0,0,0,0,0,0,18,0,0,0,0,0,2,1,0,0,0,0,0,2,0,0,14,0,0,0,0,0,3,0,0,4,8,0,0,0,7,0,0,0,0,0
2020-02-17,0,0,0,0,0,0,0,0,10,0,0,0,0,0,0,0,1,0,0,0,0,0,0,0,0,0,0,0,0,0,1,0,1,0,0,0,12462,0,0,0,0,0,0,0,0,0,0,0,0,0,0,0,0,0,0,0,0,0,0,0,0,1,4,0,0,0,1,0,0,0,0,0,0,0,0,0,0,0,0,3,0,0,0,0,0,0,0,12,0,0,0,10,0,0,0,0,0,0,0,0,0,0,0,0,0,0,7,0,0,0,0,0,0,0,0,0,0,0,0,0,1,0,0,0,0,0,0,0,0,0,0,0,0,0,1,0,0,0,0,2,0,0,0,0,0,0,0,0,0,0,0,24,0,0,0,0,0,2,1,0,0,0,0,0,2,0,0,15,0,0,0,0,0,3,0,0,4,8,0,0,0,7,0,0,0,0,0
2020-02-18,0,0,0,0,0,0,0,0,10,0,0,0,0,0,0,0,1,0,0,0,0,0,0,0,0,0,0,0,0,0,1,0,1,0,0,0,14206,0,0,0,0,0,0,0,0,0,0,0,0,0,0,0,0,0,0,0,0,0,0,0,0,1,4,0,0,0,12,0,0,0,0,0,0,0,0,0,0,0,0,3,0,0,0,0,0,0,0,13,0,0,0,12,0,0,0,0,0,0,0,0,0,0,0,0,0,0,13,0,0,0,0,0,0,0,0,0,0,0,0,0,1,0,0,0,0,0,0,0,0,0,0,0,0,0,1,0,0,0,0,2,0,0,0,0,0,0,0,0,0,0,0,29,0,0,0,0,0,2,1,0,0,0,0,0,2,0,0,15,0,0,0,0,0,3,0,0,4,8,0,0,0,7,0,0,0,0,0
2020-02-19,0,0,0,0,0,0,0,0,10,0,0,0,0,0,0,0,1,0,0,0,0,0,0,0,0,0,0,0,0,0,1,0,1,0,0,0,15962,0,0,0,0,0,0,0,0,0,0,0,1,0,0,0,0,0,0,0,0,0,0,0,0,1,4,0,0,0,12,0,0,0,0,0,0,0,0,0,0,0,0,3,0,0,0,0,0,0,0,18,0,0,0,12,0,0,0,0,0,0,0,0,0,0,0,0,0,0,15,0,0,0,0,0,0,0,0,0,0,0,0,0,1,0,0,0,0,0,0,0,0,0,0,0,0,0,1,0,0,0,0,2,0,0,0,0,0,0,0,0,0,0,0,34,0,0,0,0,0,2,1,0,0,0,0,0,2,0,0,15,0,0,0,0,0,3,0,0,4,8,0,0,0,7,0,0,0,0,0
2020-02-20,0,0,0,0,0,0,0,0,10,0,0,0,0,0,0,0,1,0,0,0,0,0,0,0,0,0,0,0,0,0,1,0,1,0,0,0,18014,0,0,0,0,0,0,0,0,0,0,0,1,0,0,0,0,0,0,0,0,0,0,0,0,1,4,0,0,0,12,0,0,0,0,0,0,0,0,0,0,0,0,3,0,0,0,0,0,0,0,18,0,0,0,16,0,0,0,0,0,0,0,0,0,0,0,0,0,0,15,0,0,0,0,0,0,0,0,0,0,0,0,0,1,0,0,0,0,0,0,0,0,0,0,0,0,0,1,0,0,0,0,2,0,0,0,0,0,0,0,0,0,0,0,34,0,0,0,0,0,2,1,0,0,0,0,0,2,0,0,15,0,0,0,0,0,3,0,0,4,8,0,0,0,7,0,0,0,0,0
2020-02-21,0,0,0,0,0,0,0,0,11,0,0,0,0,0,0,0,1,0,0,0,0,0,0,0,0,0,0,0,0,0,1,0,3,0,0,0,18704,0,0,0,0,0,0,0,0,0,0,0,1,0,0,0,0,0,0,0,0,0,0,0,0,1,4,0,0,0,14,0,0,0,0,0,0,0,0,0,0,0,0,3,0,0,0,0,0,0,0,22,0,0,0,16,0,0,0,0,0,0,0,0,0,0,0,0,0,0,15,0,0,0,0,0,0,0,0,0,0,0,0,0,1,0,0,0,0,0,0,0,0,0,0,0,0,0,1,0,0,0,0,2,0,0,0,0,0,0,0,0,0,0,0,37,0,0,0,0,0,2,1,0,0,0,0,0,2,0,0,17,0,0,0,0,0,5,0,0,4,8,0,0,0,14,0,0,0,0,0
2020-02-22,0,0,0,0,0,0,0,0,11,0,0,0,0,0,0,0,1,0,0,0,0,0,0,0,0,0,0,0,0,0,1,0,3,0,0,0,22699,0,0,0,0,0,0,0,0,0,0,0,1,0,0,0,0,0,0,0,0,0,0,0,0,1,4,0,0,0,14,0,0,0,0,0,0,0,0,0,0,0,0,3,0,0,0,0,0,1,0,22,0,0,0,16,0,0,0,0,0,0,0,0,0,0,0,0,0,0,15,0,0,0,0,0,0,0,0,0,0,0,0,0,1,0,0,0,0,0,0,0,0,0,0,0,0,0,1,0,0,0,0,2,0,0,0,0,0,0,0,0,0,0,0,37,0,0,0,0,0,2,1,0,0,0,0,0,2,0,0,17,0,0,0,0,0,5,0,0,4,8,0,0,0,14,0,0,0,0,0
2020-02-23,0,0,0,0,0,0,0,0,11,0,0,0,0,0,0,0,1,0,0,0,0,0,0,0,0,0,0,0,0,0,1,0,3,0,0,0,23187,0,0,0,0,0,0,0,0,0,0,0,0,0,0,0,0,0,0,0,0,0,0,0,0,1,4,0,0,0,14,0,0,0,0,0,0,0,0,0,0,0,0,3,0,0,0,0,0,2,0,22,0,0,0,18,0,0,0,0,0,0,0,0,0,0,0,0,0,0,15,0,0,0,0,0,0,0,0,0,0,0,0,0,1,0,0,0,0,0,0,0,0,0,0,0,0,0,1,0,0,0,0,2,0,0,0,0,0,0,0,0,0,0,0,51,0,0,0,0,0,2,1,0,0,0,0,0,2,0,0,21,0,0,0,0,0,5,0,0,4,8,0,0,0,14,0,0,0,0,0
2020-02-24,0,0,0,0,0,0,0,0,11,0,0,0,0,0,0,0,1,0,0,0,0,0,0,0,0,0,0,0,0,0,1,0,3,0,0,0,25015,0,0,0,0,0,0,0,0,0,0,0,0,0,0,0,0,0,0,0,0,0,0,0,0,1,4,0,0,0,14,0,0,0,0,0,0,0,0,0,0,0,0,3,0,0,0,0,0,1,0,22,0,0,0,18,0,0,0,0,0,0,0,0,0,0,0,0,0,0,18,0,0,0,0,0,0,0,0,0,0,0,0,0,1,0,0,0,0,0,0,0,0,0,0,0,0,0,1,0,0,0,0,2,0,0,0,0,0,0,0,0,0,0,0,51,0,0,0,0,0,2,1,0,0,0,0,0,5,0,0,21,0,0,0,0,0,5,0,0,4,8,0,0,0,14,0,0,0,0,0
2020-02-25,0,0,0,0,0,0,0,0,11,0,0,0,0,0,0,0,1,0,0,0,0,0,0,0,0,0,0,0,0,0,1,0,3,0,0,0,27676,0,0,0,0,0,0,0,0,0,0,0,0,0,0,0,0,0,0,0,0,0,0,0,0,1,11,0,0,0,14,0,0,0,0,0,0,0,0,0,0,0,0,3,0,0,0,0,0,1,0,22,0,0,0,22,0,0,0,0,0,0,0,0,0,0,0,0,0,0,18,0,0,0,0,0,0,0,0,0,0,0,0,0,1,0,0,0,0,0,0,0,0,0,0,0,0,0,1,0,0,0,0,2,0,0,0,0,0,0,0,0,0,0,0,53,0,0,0,0,0,2,1,0,0,0,0,0,5,0,0,22,0,0,0,0,0,6,0,0,4,8,0,0,0,16,0,0,0,0,0
2020-02-26,0,0,0,0,0,0,0,0,11,0,0,0,0,0,0,0,1,0,0,0,0,0,0,0,0,0,0,0,0,0,1,0,3,0,0,0,30084,0,0,0,0,0,0,0,0,0,0,0,10,0,0,0,0,0,0,0,0,0,0,0,0,1,11,0,0,0,15,0,0,0,0,0,0,0,0,0,0,0,0,3,0,49,0,0,0,3,0,22,0,0,0,22,0,0,0,0,0,0,0,0,0,0,0,0,0,0,18,0,0,0,0,0,0,0,0,0,0,0,0,0,1,0,0,0,0,0,0,0,0,0,0,0,0,0,1,0,0,0,0,2,0,0,0,0,0,0,0,0,0,0,0,62,0,0,0,0,0,2,1,0,0,0,0,0,5,0,0,22,0,0,0,0,0,6,0,0,4,8,0,0,0,16,0,0,0,0,0
2020-02-27,0,0,0,0,0,0,0,0,11,0,0,0,0,0,0,0,1,0,0,0,0,0,0,0,0,0,0,0,0,0,1,0,6,0,0,0,32930,0,0,0,0,0,0,0,0,0,0,0,10,0,0,0,0,0,0,0,0,0,0,0,0,1,11,0,0,0,16,0,0,0,0,0,0,0,0,0,0,0,0,3,0,49,0,0,1,45,0,22,0,0,0,22,0,0,0,0,0,0,0,0,0,0,0,0,0,0,18,0,0,0,0,0,0,0,0,0,0,0,0,0,1,0,0,0,0,0,0,0,0,0,0,0,0,0,1,0,0,0,0,2,0,0,0,0,0,0,0,0,0,0,0,62,0,0,0,0,0,2,1,0,0,0,0,0,5,0,0,22,0,0,0,0,0,6,0,0,4,8,0,0,0,16,0,0,0,0,0
2020-02-28,0,0,0,0,0,0,0,0,11,0,0,0,0,0,0,0,1,0,0,0,0,0,0,0,0,0,0,0,0,0,1,0,6,0,0,0,36329,0,0,0,0,0,0,0,0,0,0,0,10,0,0,0,0,1,0,0,0,0,0,0,0,1,11,0,0,0,16,0,0,0,0,0,0,0,0,0,0,0,0,3,0,73,0,0,1,46,0,22,0,0,0,22,0,0,0,0,0,0,0,0,0,0,0,0,0,0,18,0,0,0,0,0,0,0,0,0,0,0,0,0,1,0,0,0,0,0,0,0,0,0,0,0,0,0,1,0,0,0,0,2,0,0,0,0,0,0,0,0,0,0,0,62,0,0,0,0,0,2,1,0,0,0,0,0,6,0,0,28,0,0,0,0,0,7,0,0,5,8,0,0,0,16,0,0,0,0,0
2020-02-29,0,0,0,0,0,0,0,0,11,0,0,0,0,0,0,0,1,0,0,0,0,0,0,0,0,0,0,0,0,0,1,0,6,0,0,0,39320,0,0,0,0,0,0,0,0,0,0,0,10,0,0,0,0,1,0,0,0,0,0,0,0,1,12,0,0,0,16,0,0,0,0,0,0,0,0,0,0,0,0,3,0,123,0,0,1,46,0,32,0,0,0,27,0,0,0,0,0,0,0,0,0,0,0,0,0,0,18,0,0,0,0,0,0,0,0,0,0,0,0,0,1,0,0,0,0,0,0,0,1,0,0,0,0,0,1,0,0,0,0,2,0,0,0,0,0,0,0,0,0,0,0,72,0,0,0,0,0,2,1,0,0,0,0,0,9,0,0,28,0,0,0,0,0,7,0,0,5,8,0,0,0,16,0,0,0,0,0
2020-03-01,0,0,0,0,0,0,0,0,11,0,0,0,0,0,0,0,1,0,0,0,0,0,0,0,0,0,0,0,0,0,1,0,6,0,0,0,42162,0,0,0,0,0,0,0,0,0,0,0,10,0,0,0,0,1,0,0,0,0,0,0,0,1,12,0,0,0,16,0,0,0,0,0,0,0,0,0,0,0,0,3,0,175,0,0,1,83,0,32,0,0,0,30,0,0,0,0,0,0,0,0,0,0,0,0,0,0,18,0,0,0,0,0,0,0,0,0,0,0,0,0,1,0,0,0,0,0,0,0,1,0,0,0,0,0,1,0,0,0,0,2,0,0,0,0,0,0,0,0,0,0,0,72,0,0,0,0,0,2,1,0,0,0,0,0,9,0,0,28,0,0,0,0,0,7,0,0,5,8,0,0,0,16,0,0,0,0,0
2020-03-02,0,0,0,0,0,0,0,0,11,0,0,0,0,0,0,0,1,0,0,0,0,0,0,0,0,0,0,0,0,0,1,0,6,0,0,0,44854,0,0,0,0,0,0,0,0,0,0,0,10,0,0,0,0,1,0,0,0,0,0,0,0,1,12,0,0,0,16,0,0,0,0,0,0,0,0,0,0,0,0,3,0,291,0,0,1,149,0,32,0,0,0,30,0,0,0,0,0,0,0,0,0,0,0,0,0,0,18,0,0,0,0,0,0,0,0,0,0,0,0,0,1,0,0,0,0,0,0,0,1,0,0,0,0,0,1,0,0,0,0,2,0,0,0,0,0,0,0,0,0,0,0,78,0,0,0,0,0,2,1,0,0,0,0,0,12,0,0,31,0,0,0,0,0,7,0,0,5,8,0,0,0,16,0,0,0,0,0
2020-03-03,0,0,0,0,0,0,0,0,11,0,0,0,0,0,0,0,1,0,0,0,0,0,0,0,0,0,0,0,0,0,1,0,6,0,0,0,47450,0,0,0,0,0,0,0,0,0,0,0,10,0,0,0,0,1,0,0,0,0,0,0,0,1,12,0,0,0,16,0,0,0,0,0,0,0,0,0,0,0,0,3,0,291,0,0,1,160,0,43,0,0,0,30,0,0,0,0,0,0,0,0,0,0,0,0,0,0,22,0,0,0,0,0,1,0,0,0,0,0,0,0,1,0,0,0,0,0,0,0,2,0,0,0,0,0,1,0,0,0,0,2,0,0,0,0,0,0,0,0,0,0,0,78,0,0,0,0,0,2,1,0,0,0,2,0,12,0,0,31,0,0,0,0,0,7,0,0,5,8,0,0,0,16,0,0,0,0,0
2020-03-04,0,0,0,0,0,0,0,0,11,0,0,0,0,0,0,0,1,0,0,0,0,0,0,0,0,0,0,0,0,0,1,0,6,0,0,0,50001,0,0,0,0,0,0,0,0,0,0,0,10,0,0,0,0,1,0,0,0,0,0,0,0,1,12,0,0,0,16,0,0,0,0,0,0,0,0,0,0,0,0,3,0,552,0,0,1,276,0,43,0,0,0,41,0,0,0,0,0,1,0,0,0,0,0,0,0,0,22,0,0,0,0,0,1,0,0,0,0,0,0,0,1,0,0,0,0,0,0,0,2,0,0,0,0,0,1,0,0,0,1,2,0,0,0,0,0,0,0,0,0,0,0,78,0,0,0,0,0,2,1,0,0,0,3,0,12,0,0,31,0,0,0,0,0,7,0,0,5,8,0,0,0,16,0,0,0,0,0
2020-03-05,0,0,0,0,0,0,0,0,21,0,0,0,0,0,0,0,1,0,0,0,0,0,0,0,0,0,0,0,0,0,1,0,6,0,0,0,52292,0,0,0,0,0,0,0,0,0,0,0,10,0,0,0,0,1,0,0,0,0,0,0,0,1,12,0,0,0,16,0,0,0,0,0,0,0,0,0,0,0,0,3,0,739,0,0,1,414,0,43,0,0,0,41,0,0,0,0,0,1,0,0,0,0,0,0,0,0,22,0,0,0,0,0,1,0,0,0,0,0,0,0,1,0,0,0,0,0,0,0,2,0,0,0,0,0,1,0,0,0,1,2,0,0,0,0,0,0,0,0,0,0,0,78,0,0,0,0,0,2,1,0,0,0,3,0,12,0,0,31,0,0,0,0,0,7,0,0,5,8,0,0,0,16,0,0,0,0,0
2020-03-06,0,0,0,0,0,0,0,0,21,0,0,0,4,0,0,0,1,0,0,0,0,0,0,0,0,0,0,0,0,0,1,0,6,0,0,0,53944,0,0,0,0,0,0,0,0,0,0,1,40,0,0,0,0,1,0,0,0,0,0,0,0,1,12,0,0,0,17,0,0,0,0,0,0,0,0,0,0,0,0,3,0,913,0,0,2,523,0,46,0,0,0,135,0,0,0,0,0,1,0,0,0,0,0,0,0,0,22,0,0,0,0,0,1,0,0,0,0,0,0,0,1,0,0,0,0,0,0,0,2,0,0,0,0,0,1,0,0,0,1,2,0,0,0,0,0,0,0,0,0,0,0,78,0,0,0,0,0,2,1,0,0,0,3,0,12,0,0,31,0,0,0,0,0,7,0,0,5,8,0,0,0,16,0,0,0,0,0
2020-03-07,0,0,0,0,0,0,0,0,21,0,0,0,4,0,0,0,1,0,0,0,0,0,0,0,0,0,0,0,0,0,1,0,8,0,0,0,55539,0,0,0,0,0,0,0,0,0,0,1,40,0,0,0,0,1,0,0,0,0,0,0,0,1,12,0,0,0,18,0,0,0,0,0,0,0,0,0,0,0,0,3,0,1669,0,0,2,589,0,76,0,0,0,135,0,0,0,0,0,1,0,0,0,0,0,0,0,0,23,0,0,0,0,0,1,0,0,0,0,0,0,0,1,0,0,0,0,0,0,0,2,0,0,0,0,0,1,0,0,0,3,2,0,0,0,0,0,0,0,0,0,0,0,78,0,0,0,0,0,30,1,0,0,0,3,0,12,0,0,31,0,0,0,0,0,7,0,0,7,18,0,0,0,16,0,0,0,0,0
2020-03-08,0,0,0,0,0,0,0,0,21,0,0,0,4,0,0,0,1,0,0,0,0,0,0,0,0,0,0,0,0,0,1,0,8,0,0,0,57388,0,0,0,0,0,0,0,0,0,0,1,40,0,0,0,0,1,0,0,0,0,0,0,0,1,12,0,0,0,18,0,0,0,0,0,0,0,0,0,0,0,0,3,0,2134,0,0,2,622,0,76,0,0,0,118,0,1,0,0,0,1,0,0,0,0,0,0,0,0,24,0,0,0,0,0,1,0,0,0,0,0,0,0,1,0,0,0,0,0,0,0,2,1,0,0,0,0,1,0,0,0,3,3,0,0,0,0,0,0,0,1,0,0,0,78,0,0,0,0,0,30,1,0,0,0,3,0,13,0,0,31,0,0,0,0,0,7,0,0,7,18,0,0,0,16,0,0,0,0,0
2020-03-09,0,0,0,0,0,0,0,0,21,2,0,0,14,0,0,1,1,0,0,0,0,0,0,0,0,0,0,0,0,0,1,0,8,0,0,0,58804,0,0,0,0,0,0,0,0,0,0,1,40,0,0,0,0,1,0,0,0,0,0,0,0,1,12,0,0,0,18,0,0,0,0,0,0,0,0,0,0,0,0,3,0,2394,3,0,2,724,0,76,0,0,0,118,0,1,0,0,0,1,0,0,0,0,0,0,0,0,24,0,0,0,0,0,1,0,0,0,0,0,0,0,1,0,0,0,0,0,0,1,2,1,0,0,0,0,1,0,0,0,3,3,0,0,0,0,0,0,0,1,0,0,0,78,0,0,0,0,0,32,1,0,0,1,3,0,15,0,0,31,0,0,0,0,0,7,0,0,7,18,0,0,0,16,0,0,0,0,0
2020-03-10,0,0,0,0,0,0,0,0,21,4,0,0,22,0,0,3,1,0,0,0,0,0,0,0,0,0,0,0,0,0,1,0,8,0,0,0,60181,0,0,0,0,0,0,0,0,0,0,1,40,0,0,0,0,1,0,0,0,0,0,0,0,1,12,0,0,0,18,0,0,0,0,0,0,0,0,0,0,0,1,4,2,2731,3,0,4,724,0,101,0,0,0,247,0,1,0,0,1,1,0,0,0,0,0,0,0,0,24,0,0,0,0,0,4,0,0,0,0,0,0,0,1,0,0,0,0,0,0,1,9,1,0,0,0,0,2,0,0,0,3,3,0,0,0,0,0,0,1,1,0,0,0,78,0,0,0,0,0,32,1,0,0,1,3,0,17,0,0,33,0,0,0,0,0,8,0,0,12,19,0,0,0,16,0,0,0,0,0
2020-03-11,0,0,0,0,0,0,0,0,21,4,3,0,35,0,0,3,1,0,0,0,0,0,0,0,0,0,0,0,0,0,1,0,8,0,0,0,61644,0,0,0,0,0,0,0,0,0,0,1,325,0,0,0,0,27,0,0,0,0,0,0,0,1,12,0,0,0,25,0,0,0,0,0,0,0,0,0,0,0,1,4,2,2959,15,0,4,1045,0,118,0,0,0,288,0,2,0,0,1,1,0,0,0,0,0,0,0,0,26,0,0,0,0,0,4,0,0,0,0,0,0,0,1,0,0,0,0,0,0,1,9,2,0,0,0,0,2,0,0,0,6,3,0,0,0,0,0,0,1,1,0,0,0,96,0,0,0,0,0,183,1,0,0,1,4,0,17,0,0,34,0,0,0,0,0,8,0,0,17,19,0,0,0,16,0,0,0,0,0
2020-03-12,0,0,8,1,0,0,0,0,21,4,3,0,35,0,0,3,1,0,0,0,0,0,0,0,0,0,0,0,0,0,1,0,8,0,0,0,62901,0,0,0,0,0,0,0,0,0,0,1,325,0,0,0,0,27,0,0,0,0,0,0,0,1,12,0,0,0,25,0,0,0,0,0,0,0,0,0,0,0,1,4,2,2959,15,0,4,1045,0,118,0,0,0,333,0,5,0,0,1,1,0,0,0,0,0,0,0,0,26,0,0,0,0,0,4,0,0,0,0,0,0,0,1,0,0,0,0,0,0,1,9,2,0,0,0,0,2,0,0,0,6,3,0,0,0,0,0,0,1,1,0,0,0,96,0,0,0,0,0,183,1,0,0,1,4,0,20,0,0,34,0,0,0,0,0,12,0,0,17,19,0,0,0,16,0,0,0,0,0
2020-03-13,0,0,8,0,0,0,0,0,23,6,3,0,44,0,0,3,1,0,0,0,0,0,0,0,0,0,0,0,0,0,1,0,8,0,0,0,64196,0,0,0,0,0,0,1,0,0,0,1,325,0,0,0,0,27,0,0,0,0,0,0,0,1,12,0,0,0,46,0,0,0,0,0,0,0,0,0,0,0,1,4,2,2959,24,0,4,1439,0,118,1,0,0,510,0,5,0,0,1,1,0,0,0,0,0,0,0,0,26,0,0,1,0,0,4,0,0,0,0,1,0,0,1,0,0,0,0,0,1,1,9,2,0,0,0,0,2,0,1,0,7,3,0,0,0,0,0,0,1,1,0,0,0,97,0,0,0,0,0,193,1,0,0,1,4,0,20,0,0,35,0,0,0,0,0,12,0,0,17,19,0,0,0,16,0,0,0,0,0
2020-03-14,0,0,12,1,0,0,1,0,23,6,3,0,44,0,0,3,1,0,0,0,0,0,0,0,0,0,0,0,0,0,1,0,8,0,0,0,65660,0,0,0,0,0,0,1,0,0,0,1,325,0,0,0,0,27,0,0,0,0,0,0,0,1,12,0,0,0,46,0,8,0,0,0,0,0,0,0,0,1,1,4,8,2959,26,0,4,1966,0,118,1,0,0,510,0,5,0,0,1,1,0,0,0,0,0,0,0,0,35,0,0,1,0,0,4,0,0,0,0,1,0,0,1,2,0,0,0,0,1,1,9,2,0,0,0,0,2,0,2,4,9,8,0,0,0,0,4,0,1,1,0,0,0,105,0,0,0,0,0,517,1,0,0,1,4,0,20,0,0,35,0,0,0,0,0,12,0,0,17,19,0,0,0,16,0,0,0,0,0
2020-03-15,0,0,12,1,0,0,1,0,23,6,6,0,60,0,0,3,1,0,0,0,0,0,0,0,0,0,0,0,0,0,1,0,8,0,0,0,67017,0,0,0,0,0,0,1,0,0,0,1,325,0,0,0,0,21,0,0,0,1,0,0,0,10,12,0,0,0,46,0,8,0,0,0,0,0,0,0,0,1,8,13,8,4590,26,0,4,2335,0,118,1,0,0,510,0,5,0,0,1,1,0,0,0,1,0,0,0,0,42,0,0,1,0,0,4,0,0,0,0,1,0,0,1,2,0,0,0,0,1,1,9,2,0,0,0,0,2,0,2,4,9,8,0,0,0,0,4,0,1,1,0,0,0,105,0,0,0,0,0,517,1,0,0,1,4,0,20,0,0,35,0,0,0,0,0,12,0,0,23,19,0,0,0,16,0,0,0,0,0
2020-03-16,1,0,12,1,0,0,1,0,23,6,6,0,77,2,0,3,1,0,0,0,0,0,0,1,0,0,0,0,0,0,1,0,9,0,0,0,67910,0,0,0,0,0,0,2,0,0,3,1,325,0,0,0,0,27,0,0,0,1,0,0,0,10,12,0,0,1,67,0,8,0,0,0,0,0,0,0,0,1,0,13,8,4590,26,0,4,2749,2,144,1,0,0,1137,0,9,0,0,1,1,0,0,0,1,0,0,0,0,42,0,0,2,0,0,4,0,0,0,0,1,0,0,1,2,0,0,0,0,1,1,9,2,0,0,0,0,2,13,3,4,9,8,0,0,0,0,4,0,2,2,1,0,0,109,0,0,0,0,0,530,1,0,0,1,4,0,20,0,0,35,0,0,0,0,0,17,0,0,23,21,0,0,0,16,0,0,0,0,0
2020-03-17,1,0,12,1,0,0,3,1,23,1,6,0,81,3,0,3,1,0,0,0,0,2,0,2,0,0,0,0,0,0,1,0,9,0,0,0,68798,1,0,0,0,0,1,4,0,0,3,1,325,0,0,0,0,32,0,0,0,1,0,0,0,10,12,0,0,1,67,0,8,0,0,0,0,0,0,0,0,2,0,14,8,5389,32,5,11,2941,2,144,1,0,0,1407,0,9,0,0,1,3,0,0,0,1,0,0,0,0,49,0,0,2,0,0,4,1,0,0,0,1,0,0,1,2,0,0,0,0,1,1,9,2,0,0,0,1,5,13,3,4,16,8,0,0,0,0,4,0,6,2,1,0,0,114,0,0,0,0,0,1028,1,0,0,1,4,0,22,0,0,41,0,0,0,0,0,17,0,0,23,53,0,0,0,16,0,0,0,0,0
2020-03-18,1,0,12,1,0,0,3,1,23,9,6,0,88,3,0,5,31,0,0,0,0,2,0,2,0,0,0,0,0,0,1,0,9,0,0,0,69755,1,0,0,0,0,1,4,0,0,3,1,325,0,0,0,0,32,0,0,0,1,0,0,0,10,12,0,0,1,105,0,8,0,0,0,0,0,0,0,0,2,5,14,11,5389,43,5,11,4025,2,144,1,0,0,1540,0,15,0,0,1,3,0,0,0,1,0,0,0,0,60,0,0,2,0,0,4,1,0,0,0,1,0,0,1,2,0,0,0,1,1,1,12,2,0,0,0,1,5,13,3,4,19,8,0,0,0,0,4,0,6,2,1,0,0,114,0,0,0,0,0,1081,1,0,0,1,15,0,22,0,0,42,0,0,0,0,0,105,0,0,26,67,0,0,0,16,0,0,0,0,0
2020-03-19,1,0,32,1,0,0,3,1,26,9,6,0,100,3,0,5,31,0,0,0,0,2,0,2,0,0,0,0,0,0,1,0,9,0,0,0,70535,1,0,0,0,0,1,5,0,0,3,1,325,0,0,0,0,32,0,0,0,1,0,0,0,10,12,0,0,1,113,0,8,0,0,0,0,0,0,0,0,2,5,15,11,5710,43,5,11,4440,2,150,1,0,0,1540,0,18,0,0,1,4,0,0,0,1,0,0,0,0,75,0,0,2,0,0,4,1,0,0,0,1,0,0,1,2,0,0,0,1,1,1,12,13,0,0,0,1,8,1,3,4,25,9,0,0,0,0,4,0,6,2,1,0,0,114,0,0,0,0,0,1107,3,0,0,16,15,0,26,0,0,42,0,0,0,0,0,121,0,0,31,67,0,0,0,16,0,0,0,0,0
2020-03-20,1,0,32,1,0,0,3,1,26,9,6,0,100,3,0,5,1,0,0,0,0,2,0,2,1,0,0,0,0,0,1,0,9,0,0,6,71266,1,0,0,0,0,1,5,0,0,4,1,325,0,0,0,0,39,0,0,0,1,0,0,0,10,12,0,0,1,180,0,19,0,0,0,0,0,0,0,0,2,5,20,15,6745,49,5,14,4440,2,191,1,0,0,1540,0,18,0,0,1,4,0,0,0,1,0,0,0,0,87,0,0,2,0,0,4,1,0,0,0,1,0,0,1,2,0,0,0,1,1,1,12,13,0,0,0,1,8,1,5,10,25,9,0,0,0,0,4,0,8,2,1,0,0,124,0,0,0,0,0,1588,3,0,0,16,15,0,26,0,0,42,0,1,0,0,0,147,0,0,31,67,0,0,0,16,17,0,0,0,0
2020-03-21,1,2,32,1,0,0,3,1,26,9,11,0,125,3,0,15,263,0,0,0,0,2,0,2,2,3,5,0,0,0,1,0,10,0,0,6,71857,1,0,0,0,2,1,5,0,0,6,1,325,0,0,0,3,41,0,0,0,1,0,0,0,10,12,0,0,1,233,0,19,0,0,0,0,0,0,0,0,7,22,23,15,7635,51,5,36,6072,2,232,1,0,0,1540,0,27,0,0,1,4,0,0,0,1,0,0,0,0,114,0,0,2,0,0,4,1,0,0,0,3,0,0,1,2,0,0,0,1,1,1,12,13,0,0,0,1,13,1,5,27,52,12,0,0,0,0,4,0,16,5,1,0,0,140,0,0,0,0,0,2125,1,0,0,16,15,0,28,0,0,42,0,1,1,0,0,176,0,1,38,67,0,0,0,17,17,0,0,0,0
2020-03-22,1,2,65,1,0,0,3,2,88,9,10,0,149,3,0,15,263,0,0,0,0,2,0,2,2,3,5,0,0,0,1,0,10,0,0,8,72362,3,0,0,0,2,1,5,0,3,6,1,325,0,0,0,3,56,0,0,0,2,0,4,0,10,2206,0,0,3,266,0,19,0,0,0,0,0,0,0,0,16,36,27,29,7931,57,5,37,7024,2,235,1,0,0,2909,0,27,0,0,1,8,0,0,0,1,6,0,0,0,139,0,0,2,0,0,4,1,1,0,0,3,0,0,1,2,0,0,0,2,1,1,17,5,0,0,0,1,17,1,5,33,64,16,0,0,0,0,4,0,16,5,1,0,0,144,7,0,0,0,0,2575,3,0,0,16,131,0,28,0,0,44,0,1,1,1,0,178,0,1,38,67,0,0,15,17,17,0,0,0,0
2020-03-23,1,2,65,1,0,0,3,2,88,9,10,0,149,3,0,15,263,0,0,0,0,2,0,2,2,3,5,0,0,0,1,0,10,0,0,8,72814,3,0,0,0,2,1,5,0,3,6,1,325,0,0,0,3,56,0,0,0,2,0,4,0,10,2206,0,0,3,266,0,19,0,0,0,0,0,0,0,0,16,36,27,29,7931,57,5,37,7024,2,235,1,0,0,2909,0,27,0,0,1,8,0,0,0,1,6,0,0,0,139,0,0,2,0,0,4,1,1,0,0,3,0,0,1,2,0,0,0,2,1,1,17,5,0,0,0,1,17,1,5,33,64,16,0,0,0,0,4,0,16,5,1,0,0,144,7,0,0,0,0,2575,3,0,0,16,131,0,28,0,0,44,0,1,1,1,0,178,0,1,38,67,0,0,15,17,17,0,0,0,0
2020-03-24,1,10,24,1,0,0,52,14,115,9,10,1,177,5,0,22,461,0,0,0,0,2,0,2,2,3,7,0,0,0,4,0,110,0,0,17,73280,6,0,0,0,2,2,5,1,3,10,36,325,0,0,3,3,80,0,0,0,7,0,0,0,10,3250,0,0,9,3243,0,29,0,0,0,0,0,0,0,0,21,51,40,30,8913,75,5,53,8326,2,285,1,0,0,3507,0,39,0,0,1,8,0,0,0,1,6,0,0,0,183,5,0,2,0,0,4,2,1,0,0,6,0,2,1,3,12,0,0,2,1,6,17,18,1,0,0,1,20,1,22,41,79,22,0,0,0,0,4,0,28,8,15,0,0,156,7,0,0,4,0,3794,2,0,0,16,131,0,29,0,0,52,0,1,0,1,0,348,0,1,45,140,0,0,15,17,17,0,0,0,0
2020-03-25,2,17,65,1,0,0,52,16,119,9,10,1,177,7,0,29,547,0,0,0,0,2,0,2,2,4,10,0,0,0,10,2,183,0,0,22,73773,8,0,0,0,2,3,22,1,3,10,41,587,0,0,3,3,95,0,0,0,8,0,0,0,10,3907,0,0,10,3547,0,36,0,4,0,0,0,0,0,0,21,56,43,31,9625,103,5,58,9362,2,310,1,0,1,3730,0,43,0,0,1,20,0,0,0,1,6,0,0,0,199,8,0,2,0,0,4,2,1,0,0,7,0,2,1,4,22,0,0,2,1,6,17,21,1,0,0,1,26,7,22,41,86,29,0,0,0,0,4,0,29,9,15,0,0,160,7,10,0,12,0,5367,3,0,0,16,131,0,29,0,0,70,0,1,0,2,26,361,0,1,52,140,0,0,15,17,17,0,0,0,0
2020-03-26,2,17,29,1,0,0,63,18,172,112,15,1,204,11,0,29,675,0,0,0,0,2,0,6,5,8,10,0,0,0,10,2,184,0,0,22,74181,8,0,0,0,2,3,22,1,4,10,50,597,0,0,3,3,102,0,0,0,8,0,0,0,10,4955,0,0,11,5673,1,36,0,4,0,0,0,0,0,0,28,82,45,35,10457,105,5,68,10361,2,359,1,2,1,4144,0,49,0,0,1,23,0,0,0,1,6,0,0,0,215,8,0,2,0,0,4,2,1,0,0,8,0,2,1,6,27,0,0,2,3,6,23,21,2,0,0,14,28,7,43,43,94,38,0,0,0,0,4,0,33,9,0,0,0,172,2,10,0,12,0,7015,7,0,0,16,131,0,29,0,0,88,0,1,0,2,26,681,0,1,52,150,0,0,15,20,17,0,0,0,0
2020-03-27,2,31,29,1,0,0,72,28,194,225,15,1,227,11,0,32,858,0,0,0,0,5,0,6,11,9,12,0,0,0,11,2,256,0,0,43,74720,10,0,0,2,3,3,37,4,15,11,57,597,0,0,3,3,116,0,0,0,11,0,0,0,10,5707,0,0,14,6658,2,52,0,4,0,0,0,0,0,0,34,97,73,46,11133,122,5,79,10950,2,372,18,3,1,4528,1,57,0,0,1,27,0,0,0,1,40,0,0,0,259,9,0,2,0,0,4,2,1,0,0,11,0,2,1,6,37,0,0,3,3,6,23,23,2,0,1,16,31,7,43,43,115,45,0,0,1,0,4,0,35,11,0,0,0,183,2,10,0,31,0,9357,7,0,0,16,1530,0,29,0,1,97,0,1,1,2,42,869,0,5,52,151,0,5,31,20,17,0,0,0,0
2020-03-28,2,31,31,1,0,0,72,30,244,225,15,1,265,15,0,32,1063,0,0,0,0,5,0,6,25,11,21,0,0,0,13,2,466,0,0,61,75100,10,0,0,2,3,3,45,4,15,11,57,597,0,0,3,3,121,0,0,0,20,0,1,0,10,5724,0,0,14,8481,2,52,0,10,0,0,0,0,0,3,34,114,84,59,11679,131,5,89,12384,2,404,18,16,1,4811,1,64,0,0,1,30,0,0,0,1,40,0,0,0,320,9,0,2,0,0,4,2,1,0,0,11,0,2,1,6,50,0,0,3,3,7,23,29,2,0,1,16,35,7,43,45,139,49,0,0,1,1,6,0,37,18,0,0,0,198,2,10,0,31,0,12285,9,0,0,16,1530,0,30,0,1,97,0,1,1,2,70,1072,0,5,52,151,0,5,39,21,18,0,0,0,0
2020-03-29,2,33,31,1,0,0,72,30,244,479,15,1,272,15,0,32,1359,0,0,0,0,8,0,6,34,14,23,0,0,0,21,5,466,0,0,75,75582,10,0,0,2,3,4,52,4,15,11,73,603,0,0,3,3,132,0,0,0,20,0,1,0,10,7226,0,0,18,9211,2,52,0,10,0,0,0,1,0,3,34,135,95,64,12391,143,5,132,13030,2,424,18,20,1,5033,1,67,0,0,1,30,0,0,0,1,40,0,0,0,388,13,0,2,2,0,4,2,1,0,0,13,0,2,1,253,56,0,0,3,3,7,23,29,4,0,1,16,42,7,43,48,206,64,0,0,1,1,6,0,66,27,0,0,0,212,2,10,0,31,0,14709,11,0,0,16,1595,0,30,0,1,97,0,1,1,2,105,2665,0,6,58,151,0,7,39,25,18,0,0,0,0
2020-03-30,2,44,37,10,0,0,228,30,257,636,26,1,279,19,0,32,1527,0,0,0,0,17,0,120,38,17,31,0,0,0,21,5,466,0,0,156,75923,15,0,0,2,4,6,67,4,22,25,73,603,0,0,4,3,150,0,0,0,20,0,4,0,10,7964,0,0,20,13500,2,52,0,10,0,0,0,1,0,3,34,157,102,75,13911,152,5,161,14620,2,424,26,21,1,5228,1,72,3,0,1,35,0,0,0,7,40,0,0,0,479,13,0,2,2,0,35,15,1,2,0,15,0,2,1,253,63,0,0,8,12,12,29,76,4,0,1,53,42,7,43,51,209,66,0,0,1,1,13,0,115,27,0,0,0,228,7,10,0,31,0,16780,15,0,0,16,1823,0,39,0,1,229,0,1,1,3,162,5644,0,8,61,171,0,7,39,55,18,0,0,0,0
2020-03-31,5,52,46,10,1,0,240,30,358,1095,26,1,295,25,0,47,1696,0,1,0,0,17,0,127,45,17,32,0,0,0,23,5,1592,0,0,156,76206,31,0,0,2,4,7,67,8,23,45,77,603,0,0,5,54,157,0,1,0,26,0,2,0,10,9513,0,0,21,16100,31,52,0,12,0,0,0,1,0,3,37,198,123,81,14656,170,5,224,15729,2,424,30,24,1,5408,6,73,3,0,1,37,0,1,0,7,80,0,0,0,537,13,0,2,2,0,35,18,2,2,0,24,0,2,1,253,74,0,0,8,12,13,34,76,9,0,1,394,49,7,43,62,220,121,0,0,1,1,13,0,165,40,0,0,0,240,3,10,1,31,0,19259,17,1,0,16,1823,0,39,0,1,342,0,10,1,3,243,7024,0,10,61,179,41,7,39,58,18,0,0,0,0
2020-04-01,5,67,61,10,1,0,248,31,422,1436,26,1,337,25,0,53,2132,0,1,0,1,19,0,127,52,20,46,0,0,0,25,10,1324,0,0,234,76405,39,0,0,3,4,9,73,12,28,61,971,603,0,0,9,58,179,0,1,0,33,0,2,0,10,11053,0,2,23,18700,31,52,0,12,0,0,0,1,0,3,40,225,148,103,15473,182,5,241,16847,2,472,36,26,3,5567,10,80,3,0,1,43,0,0,0,7,80,0,0,0,645,13,0,2,2,0,35,23,2,2,0,29,0,2,1,260,83,0,0,9,17,13,34,94,9,0,1,394,50,47,43,71,252,190,0,0,1,1,13,0,264,45,0,0,0,245,3,10,1,50,0,22647,21,2,0,103,2967,0,39,0,1,505,0,10,1,5,333,8474,0,13,61,179,41,12,41,63,18,0,0,0,0
2020-04-02,10,76,61,10,1,0,256,33,520,1749,26,1,381,25,0,53,2495,0,1,1,1,20,0,127,56,25,50,0,0,0,34,10,1735,0,0,335,76565,55,0,2,3,6,15,88,13,28,67,1172,619,0,0,16,65,201,0,1,0,45,0,3,0,300,12548,0,2,26,22440,31,61,0,12,0,0,0,1,0,3,42,284,191,112,16711,202,5,338,18278,2,472,45,27,4,5828,10,81,5,0,31,46,0,0,0,7,80,0,0,0,767,13,0,2,2,0,35,23,2,2,0,31,0,3,1,260,92,0,0,20,17,32,57,125,9,0,2,537,51,56,68,72,267,235,0,0,1,1,21,0,328,55,0,0,0,266,5,70,1,50,0,26743,21,2,0,103,4013,0,45,0,2,505,0,17,1,5,415,9001,0,19,96,192,62,25,43,75,18,0,0,0,0
2020-04-03,10,89,62,16,1,0,266,43,649,2022,32,1,382,26,0,53,2872,0,2,2,1,27,0,127,65,30,50,0,0,0,35,17,2175,0,0,427,76760,55,0,2,3,11,19,92,15,28,72,1287,619,8,0,16,65,216,0,1,0,48,0,3,0,300,14135,1,2,28,24575,31,78,0,12,2,0,0,1,0,3,43,309,192,134,17935,226,5,403,19758,2,514,58,29,4,6021,10,82,6,0,1,50,0,0,0,7,500,0,0,0,827,13,0,2,2,0,633,26,3,2,1,57,0,3,1,260,103,0,0,25,20,32,57,126,10,0,6,537,52,56,68,93,283,281,0,0,1,1,21,0,351,66,0,0,0,282,10,70,1,95,0,30513,24,2,0,205,4846,0,50,0,3,612,0,17,1,5,484,9707,0,22,108,208,68,25,52,85,21,0,0,2,0
2020-04-04,10,99,90,21,2,0,279,43,701,2507,32,0,423,30,0,53,3247,0,2,2,1,30,0,127,66,34,66,0,0,0,50,17,2577,0,0,528,76946,85,0,2,3,13,25,119,15,33,78,1379,619,8,0,16,100,241,2,1,0,59,0,4,0,300,15572,1,2,36,26400,31,78,0,15,5,0,0,1,0,3,58,396,229,150,19736,259,25,427,20996,7,514,74,36,4,6325,16,93,9,0,1,54,3,0,0,7,500,0,0,0,915,13,1,2,2,7,633,29,3,2,1,66,1,3,1,262,127,0,0,25,20,32,61,131,13,0,12,914,57,116,75,109,329,333,0,0,1,1,27,0,420,72,0,0,0,297,10,79,1,95,0,34219,27,2,0,205,6415,2,50,0,3,674,0,17,1,5,786,14652,0,25,125,215,93,25,52,90,21,0,0,2,0
2020-04-05,15,104,90,26,2,0,280,57,757,2998,32,0,431,33,6,52,3751,0,5,2,2,30,0,127,73,37,90,0,0,0,50,17,3012,0,0,618,77207,88,0,2,3,16,37,125,15,37,96,1429,619,9,0,17,100,247,2,1,0,62,0,4,0,300,16349,1,2,36,28700,31,78,0,15,5,0,0,1,0,6,66,428,229,164,19736,279,25,477,21815,8,514,110,42,4,6463,23,99,9,0,1,54,3,0,0,7,500,0,2,0,1005,13,1,5,2,7,633,30,3,2,1,76,1,3,1,257,156,0,13,33,23,32,61,211,13,0,12,989,64,134,75,123,374,355,4,0,1,1,35,0,488,82,0,0,0,320,10,79,1,95,0,38080,33,2,0,205,6415,2,50,0,3,793,0,20,1,5,1042,17448,0,28,144,229,93,30,52,90,25,0,0,3,0
2020-04-06,18,116,90,31,2,0,325,62,1080,3463,44,4,458,33,6,53,3986,0,5,2,2,47,0,127,82,39,108,0,0,1,53,17,3256,0,0,728,77310,88,0,2,5,18,41,130,18,45,121,1489,619,9,1,33,100,259,5,3,0,62,4,4,0,300,17428,1,2,39,28700,31,269,0,15,5,0,8,0,0,6,67,460,375,192,24236,344,25,585,22837,8,575,126,46,4,6598,23,103,33,0,16,60,3,1,55,8,500,0,2,0,1241,13,9,5,2,7,633,37,4,2,1,81,1,3,1,258,176,0,26,35,30,32,61,259,13,0,12,997,73,162,140,131,406,406,4,0,1,1,35,0,551,92,0,0,0,344,8,102,1,95,0,40437,38,2,0,205,8056,2,57,0,3,793,0,23,1,5,1326,19581,0,28,167,287,104,30,65,95,24,0,0,5,0
2020-04-07,18,131,113,39,2,0,338,87,1080,4046,44,5,458,33,6,54,4157,0,5,2,2,68,0,127,85,42,127,0,0,1,58,43,3791,0,2,898,77410,100,0,2,9,24,41,167,27,47,172,1621,619,9,1,36,100,276,5,3,0,69,4,4,0,300,19523,1,2,46,36081,31,269,0,17,5,0,8,0,0,6,71,559,421,204,27039,373,25,770,24392,8,592,138,51,7,6694,24,105,33,0,16,62,3,1,55,8,500,0,7,0,1321,13,12,5,2,8,633,40,4,4,4,93,1,3,1,272,241,0,26,44,30,32,67,429,14,0,15,1301,84,191,184,150,460,494,7,0,1,1,40,0,615,105,0,0,0,377,13,102,1,95,0,43208,42,2,0,205,8704,3,57,0,5,888,0,23,1,25,1582,21763,0,28,186,325,150,30,65,123,42,0,0,7,0
2020-04-08,29,154,237,52,2,0,358,114,1080,4512,63,5,477,33,8,77,4681,0,5,2,2,79,0,127,91,42,134,0,0,1,63,60,4154,0,2,1115,77567,123,0,2,9,29,48,179,27,52,233,1763,619,25,1,50,140,305,9,3,0,72,7,4,0,300,21452,1,2,50,46300,34,269,0,17,5,0,8,0,2,6,94,633,506,222,29812,452,25,801,26491,10,622,150,54,9,6776,30,111,33,0,16,62,3,8,55,8,500,0,11,0,1487,13,16,16,2,19,633,40,4,4,4,97,1,3,1,272,282,0,28,44,35,32,72,467,16,0,15,1333,96,222,196,178,528,580,7,0,1,1,40,0,631,113,0,0,0,406,16,120,1,95,0,48021,44,2,3,205,9800,4,61,0,5,888,0,23,1,25,1846,23559,0,35,239,345,150,30,65,126,44,0,0,7,0
2020-04-09,32,165,347,58,2,0,365,138,1472,5240,101,5,519,33,11,139,5164,0,5,2,2,101,0,173,92,48,146,2,0,1,62,60,5162,0,2,1274,77679,174,0,5,9,30,52,219,28,53,301,1883,619,25,1,80,339,348,14,3,0,83,7,4,0,300,23413,1,2,51,52407,3,269,0,17,11,0,8,0,2,6,96,688,620,252,32309,496,25,1011,28470,12,632,161,60,12,6973,30,111,35,0,16,67,3,8,55,8,500,0,11,0,1608,13,22,16,2,23,633,50,5,4,4,109,1,3,1,278,317,0,40,51,37,32,109,572,16,0,18,1438,124,284,205,206,647,698,7,0,1,1,49,0,666,123,0,0,0,460,23,128,1,95,0,52165,49,2,4,205,10600,4,67,0,5,940,0,24,1,25,2142,25410,0,45,268,359,192,38,84,128,44,0,0,24,0
2020-04-10,32,182,405,71,2,0,375,149,1793,6064,159,5,539,33,11,169,5568,0,5,2,2,129,0,173,99,54,146,2,0,1,72,98,5855,0,2,1571,77791,197,0,5,13,42,52,231,51,58,346,1929,619,36,5,98,368,384,15,3,0,93,7,4,0,300,25195,1,2,54,53913,4,269,0,17,15,0,8,0,2,7,112,751,774,282,35465,550,25,1183,30455,13,685,170,64,22,7117,52,123,35,0,16,76,3,8,55,54,500,0,11,0,1830,13,22,16,2,23,633,56,5,4,4,122,2,3,1,287,373,0,41,58,41,32,109,727,16,0,18,1569,140,318,233,227,729,795,7,0,1,1,50,0,685,137,0,0,0,492,23,137,1,410,0,55668,54,2,4,381,11100,4,91,0,5,1013,1,25,1,25,2423,28790,0,61,418,588,206,42,84,144,45,0,0,25,0
2020-04-11,32,197,460,71,4,0,440,173,1806,6604,200,5,555,36,11,172,5986,0,5,2,2,139,0,173,104,62,155,2,0,1,75,98,6589,0,2,1864,77877,214,0,5,16,49,58,323,77,61,411,2111,619,36,5,108,411,426,19,3,0,93,7,10,0,300,26663,1,2,60,57400,4,269,0,19,17,0,8,0,2,7,115,841,969,286,41947,601,25,1341,32534,13,762,177,81,24,7243,58,133,44,0,16,77,3,8,55,54,500,0,11,0,1995,13,22,16,2,28,633,75,5,4,5,146,2,3,1,291,422,0,41,70,41,32,109,762,17,0,18,1739,157,375,266,247,758,1045,18,0,1,1,53,0,720,152,0,0,0,528,23,148,1,410,0,59109,54,2,4,381,12100,5,99,0,5,1135,1,25,12,43,2965,31270,4,79,588,622,214,42,93,144,57,0,0,28,0
2020-04-12,32,217,591,128,4,0,468,197,1806,6987,250,5,558,39,11,203,6463,0,5,2,2,193,0,173,106,68,161,2,0,1,77,98,7123,0,2,2059,77956,270,0,5,16,56,85,373,92,65,464,2291,619,36,8,131,501,589,21,3,0,98,7,10,0,300,27469,1,2,67,60300,4,269,0,19,17,0,8,0,2,7,118,889,1080,359,43894,640,25,1627,34211,13,762,201,99,25,7368,58,142,54,0,16,80,3,9,55,97,500,0,20,0,2108,14,22,44,2,42,1772,94,6,4,5,177,2,3,1,295,471,4,75,85,41,32,109,1028,23,0,22,1798,197,439,277,275,852,1291,25,0,4,1,53,0,761,171,0,0,0,560,23,150,2,410,0,62391,56,2,4,381,12700,5,109,0,5,1218,1,29,16,43,3446,32988,4,89,680,626,231,66,93,144,58,0,0,30,0
2020-04-13,32,232,601,128,4,0,515,211,1806,7343,289,6,591,42,13,203,6707,0,5,2,2,206,0,173,107,71,161,2,0,1,77,98,7758,3,2,2367,78039,319,0,5,17,62,89,400,121,65,519,2403,619,41,8,152,597,589,22,4,0,102,7,14,0,300,28001,1,2,68,64300,4,269,0,19,17,0,8,0,2,7,120,933,1181,380,45983,717,25,1855,35435,19,784,215,138,40,7447,58,150,67,0,16,80,4,9,55,101,500,0,21,0,2276,14,26,44,2,42,1843,107,6,4,5,203,2,3,1,295,546,4,75,91,44,32,124,1095,29,0,22,2642,242,487,277,334,914,1470,42,0,4,1,53,0,805,178,0,0,0,586,107,152,2,410,0,64727,56,4,6,381,13700,5,109,0,7,1288,1,29,16,43,3957,43482,7,97,852,304,231,85,110,146,58,0,0,30,0
2020-04-14,40,248,691,128,5,3,559,265,2186,7633,351,6,645,42,13,203,6868,0,18,2,6,236,0,3046,107,81,177,2,0,1,91,130,8210,4,2,2646,78200,354,0,5,20,66,114,415,132,65,642,2689,639,53,8,162,696,589,25,4,0,115,8,14,0,300,28805,1,2,69,68200,17,269,0,19,31,0,8,0,2,7,122,989,1359,426,48129,766,25,2195,37130,19,799,235,203,41,7534,66,176,71,1,16,80,4,9,55,101,500,0,23,0,2478,16,34,44,2,51,1964,134,6,5,46,217,2,3,1,297,628,4,90,99,86,32,130,1378,61,0,22,2869,295,618,347,373,1051,1694,49,0,11,1,53,0,889,183,0,0,0,611,113,152,2,410,0,67504,61,4,6,381,13700,5,124,0,7,1405,1,32,17,43,4799,47763,8,119,933,323,248,99,110,169,62,0,0,30,0
2020-04-15,43,251,708,169,5,3,596,297,2186,8098,404,6,663,49,15,203,7107,0,18,2,7,253,0,14026,108,105,226,2,0,1,96,165,8966,4,2,2937,78311,452,0,11,21,67,114,473,151,65,819,2925,639,71,8,208,780,589,30,4,0,117,8,15,0,300,30955,4,2,71,72600,17,269,0,19,31,0,8,0,2,9,192,1077,1432,446,49933,812,77,2563,38092,21,853,250,240,53,7616,66,206,78,1,44,85,4,9,55,138,526,0,29,0,2647,16,34,44,2,65,2125,171,12,5,55,229,2,3,1,304,728,4,90,128,98,32,131,1446,72,0,23,3108,353,668,383,406,1217,1986,54,0,11,1,53,0,931,190,0,0,0,652,151,165,2,410,0,70853,63,4,6,381,15400,5,124,0,11,1497,1,35,19,43,5674,52096,12,143,1034,368,260,107,111,171,63,0,0,30,1
2020-04-16,54,277,783,169,5,3,631,358,2355,8986,460,6,703,49,15,203,7562,0,18,2,14,277,0,14026,108,122,257,2,0,1,98,164,9698,4,5,3299,78401,550,0,11,23,74,146,529,171,77,972,3203,644,73,8,215,838,596,33,4,0,133,8,15,0,1700,32812,4,2,76,77000,83,269,0,19,49,0,8,0,2,9,199,1144,1768,548,52229,856,77,2818,40164,21,901,259,277,53,7757,79,225,91,2,57,86,4,11,55,178,552,0,33,0,2766,16,34,82,2,81,2125,235,12,5,55,249,2,4,2,311,770,4,90,152,121,32,176,1645,75,0,30,6120,435,774,493,415,1357,2304,60,0,11,1,55,0,990,194,0,0,0,683,167,174,2,903,0,74797,68,4,6,550,15900,5,155,0,11,1593,1,45,20,43,7089,54703,20,186,1095,375,286,129,111,177,63,0,0,30,1
2020-04-17,99,283,846,191,5,3,666,402,3808,9704,528,6,725,58,15,342,7961,0,18,2,26,320,0,14026,112,141,294,5,0,1,98,164,10545,4,5,3621,77552,634,0,11,25,88,193,600,192,77,1174,3571,644,76,8,268,838,646,38,4,0,145,8,15,0,1700,34420,7,2,79,83114,83,269,6,21,59,0,9,0,2,10,207,1224,2041,607,54064,906,77,3126,42727,25,935,265,347,53,7829,84,258,114,2,88,86,7,11,55,210,579,0,33,3,2967,16,34,91,2,108,2125,276,20,5,55,281,2,4,2,315,816,4,110,159,139,32,176,1765,98,0,30,6541,487,866,519,464,1508,2590,65,0,11,1,57,0,1049,198,534,5,0,708,175,174,2,903,0,74797,77,4,6,550,16400,5,166,0,11,1689,1,48,20,43,8631,58545,20,246,1188,394,286,156,111,198,69,0,0,30,2
2020-04-18,112,302,894,205,6,3,685,523,4124,10214,590,10,755,66,17,342,8348,0,18,2,31,338,0,14026,113,153,321,5,0,1,103,177,10964,4,8,4035,77614,634,0,11,26,97,239,615,227,79,1227,4031,644,76,8,312,1008,701,43,4,3,162,8,16,0,1700,35983,7,2,86,85400,99,269,6,21,65,0,9,0,2,10,231,1291,2463,631,55987,953,77,3456,44927,25,1069,269,377,60,7937,93,280,130,2,88,99,7,11,55,228,601,0,35,3,3102,16,41,99,2,180,2125,391,22,5,55,314,4,6,2,317,867,6,113,166,164,32,176,1832,122,0,35,6684,516,981,610,510,1730,3057,69,0,11,1,60,0,1329,211,637,5,0,740,213,190,2,903,0,74797,86,6,6,550,17100,5,178,0,11,1787,1,49,21,43,10453,64840,22,275,1188,414,294,194,113,201,69,0,0,33,2
2020-04-19,131,314,1047,235,6,3,709,545,4124,10501,712,10,759,75,17,494,8757,2,18,2,31,347,0,22130,115,161,338,7,0,1,105,305,11847,4,8,4338,77690,711,0,11,26,112,260,709,255,81,1298,4328,644,102,8,363,1061,732,44,4,3,164,8,16,0,1700,36578,7,2,93,88000,99,269,6,21,87,3,9,0,2,15,250,1291,2854,686,57023,1009,77,3754,47055,27,1159,276,400,67,8042,102,305,133,2,88,102,7,11,55,242,627,0,39,3,3197,16,42,118,6,208,2627,457,22,7,55,327,8,6,4,322,912,6,117,170,179,32,233,1868,140,0,41,6811,572,1040,610,518,1892,3291,76,0,11,1,60,0,1398,220,753,5,6,768,229,192,3,903,0,77357,96,6,6,550,17800,5,189,0,11,1928,1,52,21,43,11976,70337,28,347,1286,436,298,225,117,202,71,0,0,33,2
2020-04-20,135,327,1099,248,6,3,737,580,4291,10631,791,11,769,85,19,514,8895,2,27,2,31,381,0,22130,116,167,357,7,4,1,107,305,12543,4,8,4676,77745,804,0,16,27,124,260,771,285,81,1559,4499,644,102,8,416,1150,821,46,7,3,165,8,16,3,2000,37409,7,2,95,91500,99,269,6,21,122,3,9,0,2,25,267,1362,3273,747,59273,1043,77,4049,48877,27,1159,282,447,69,8114,123,367,201,2,88,103,7,15,55,242,637,0,41,3,3295,16,56,126,6,224,2627,457,23,7,88,350,8,6,4,322,974,6,117,188,200,32,238,1970,165,0,46,6968,613,1133,610,555,2017,3446,76,0,13,1,61,0,1490,235,870,5,6,801,251,193,4,1055,0,80587,98,8,6,550,18600,5,203,0,11,1999,1,53,22,148,13430,72329,38,359,1360,446,313,261,117,214,71,0,0,35,2
2020-04-21,150,345,1152,282,6,7,840,609,4695,10971,865,12,784,87,25,577,9002,2,27,2,37,437,0,22991,116,170,362,7,4,1,110,329,13188,10,8,4969,77799,804,0,16,35,150,303,801,309,98,1753,4889,644,112,8,463,1207,870,48,7,6,169,8,16,3,2000,39181,16,2,97,95200,99,577,6,24,127,3,9,0,2,29,287,1417,3975,842,60965,1096,9233,4507,51600,27,1239,297,489,74,8213,128,412,216,2,133,108,7,15,55,298,670,0,44,3,3349,16,57,150,6,243,2627,505,26,8,101,393,8,6,4,74,1006,7,127,188,224,32,238,2073,204,0,53,6982,654,1297,917,614,2153,3873,84,0,13,2,62,0,1640,242,977,5,6,839,258,197,4,1055,0,82514,102,8,6,550,19400,6,217,0,11,2108,1,56,28,148,14918,75204,38,367,1443,638,313,357,117,216,71,0,0,35,2
2020-04-22,166,356,1204,309,6,10,872,633,4932,11328,907,12,1026,92,25,769,9433,2,27,2,44,460,0,25318,117,174,389,7,4,1,110,397,14454,10,8,5386,77861,870,0,16,45,180,310,869,341,98,1989,5276,644,183,9,581,1262,935,63,7,6,184,8,21,8,2000,40657,24,2,107,99400,99,577,6,24,164,3,9,2,2,30,295,1462,4370,913,63113,1146,9233,5215,54543,27,1356,315,515,74,8277,138,443,254,4,133,113,20,15,55,357,711,0,52,3,3452,16,73,165,6,261,2627,560,26,8,116,417,8,6,7,101,1036,7,193,197,272,32,238,2156,231,0,62,7027,693,1513,1143,689,2406,4420,84,1,15,3,62,0,1812,253,1025,5,6,896,284,205,4,1055,0,85915,105,12,6,550,19900,6,236,0,11,2352,1,56,37,190,16477,77366,45,424,1546,683,324,450,122,223,71,0,0,35,2
2020-04-23,179,385,1355,333,6,10,919,659,5047,11694,948,14,1082,108,30,938,9800,5,27,3,44,485,0,26573,119,190,410,9,4,1,110,668,14761,10,8,5804,77983,927,0,16,47,196,359,883,365,98,2152,5573,645,252,9,581,1328,1004,67,7,6,192,8,21,8,2000,42088,24,2,111,103300,99,577,6,30,170,3,9,2,2,31,390,1509,5012,960,64843,1171,9233,5611,57576,28,1494,318,560,89,8501,159,498,302,4,133,140,20,15,55,399,728,0,58,3,3542,16,77,204,6,266,2627,661,35,9,123,456,9,7,10,101,1095,7,256,197,301,32,307,2527,271,0,67,7422,722,1740,1201,750,2478,4891,87,1,15,3,63,0,1925,257,1067,6,10,924,288,211,8,1473,0,89250,107,14,6,550,20600,6,253,0,11,2430,1,59,48,190,18491,80203,46,504,1637,712,354,561,126,224,74,5,0,37,2
2020-04-24,188,394,1408,344,6,11,976,728,5136,11872,1013,15,1113,112,31,1120,10122,5,27,3,54,538,0,27655,120,197,425,9,4,1,117,668,15149,10,8,6327,78109,1003,0,19,48,216,419,982,416,98,2371,5715,645,330,10,763,1366,1075,75,7,11,206,10,25,10,2500,43493,26,2,132,109800,134,577,7,30,191,3,12,2,2,58,458,1542,5498,1002,66599,1204,9233,6003,60498,28,1530,326,604,94,8635,162,613,345,4,267,140,25,18,55,430,3007,0,61,4,3663,16,87,223,6,285,2627,755,41,9,123,486,12,7,11,102,1118,7,289,208,337,32,325,2755,319,0,78,7496,762,1944,1228,809,2817,5568,87,2,15,5,64,0,2049,262,1094,6,10,956,355,211,8,1473,0,92355,109,14,7,1005,21000,6,264,0,48,2547,2,59,48,194,21737,99079,46,782,1760,724,369,621,132,220,81,5,1,37,2
2020-04-25,188,403,1479,344,6,11,1030,803,5376,12103,1080,15,1160,113,31,1573,10417,5,27,3,54,592,0,29160,121,197,442,10,4,1,117,697,16013,10,15,6746,78175,1067,0,19,49,242,419,1034,437,148,2453,5858,645,373,13,822,1366,1114,75,7,13,228,10,29,10,2500,44594,30,8,139,109800,134,577,7,45,208,3,12,6,2,65,458,1570,5939,1042,68193,1224,9233,6435,63120,28,1656,332,646,98,8717,165,656,345,7,267,143,25,18,55,460,3088,0,62,4,3762,17,91,249,6,295,7149,825,42,9,153,537,12,7,12,102,1142,7,325,222,374,32,329,2866,338,0,85,7797,792,2126,1277,929,2890,6250,88,2,15,5,64,0,2215,276,1152,6,10,1002,386,219,8,1473,0,95708,118,19,7,1005,21300,11,275,0,48,2547,2,62,53,207,25582,100372,46,782,1887,774,370,707,132,225,83,5,1,37,2
2020-04-26,207,410,1508,344,6,11,1107,833,5541,12282,1139,22,1189,122,39,1695,10785,5,33,4,80,624,0,30152,123,205,453,10,4,1,117,786,16883,10,15,7024,78277,1133,0,19,50,264,468,1103,501,148,2545,5994,645,411,13,910,1366,1176,83,8,13,233,10,41,12,2500,44903,30,8,149,112000,155,577,7,49,208,3,12,7,2,65,485,1608,6523,1107,69657,1263,9233,6731,64928,28,1809,337,682,106,8764,166,806,370,7,267,145,25,18,55,467,3104,0,71,4,3862,17,112,282,6,299,8354,895,42,9,153,593,12,8,16,117,1180,7,350,239,500,32,333,2936,338,0,85,8088,862,2265,1329,1012,3054,6767,92,2,15,5,64,0,2357,283,1182,6,10,1060,394,221,10,1473,0,98372,120,20,7,1005,21800,14,281,0,48,2594,2,62,54,216,29140,106988,46,840,1978,778,375,789,137,225,83,5,1,42,2
2020-04-27,220,422,1558,385,6,11,1140,848,5588,12362,1162,22,1218,131,39,1740,10878,6,33,4,98,659,0,31142,124,206,469,16,4,1,119,805,18268,10,15,7327,78374,1210,0,19,50,287,499,1166,525,148,2826,6148,645,477,13,993,1557,1236,89,9,13,233,10,50,12,2500,45513,43,8,156,114500,155,577,7,49,246,18,15,8,2,79,498,1624,7137,1151,70933,1286,9233,7200,66624,29,1899,342,720,114,8854,201,1012,395,7,267,145,25,18,55,474,3123,0,75,4,3957,17,113,286,6,302,9086,925,42,10,189,695,12,8,16,117,1214,7,385,255,553,32,364,3029,455,0,93,8425,932,2466,1357,1066,3141,7346,93,2,15,8,64,0,2531,284,1209,6,10,1095,403,221,10,1473,0,100875,126,21,7,1005,22200,19,290,0,48,2609,2,62,59,279,33791,111424,47,864,2090,807,386,892,142,225,83,5,1,42,5
2020-04-28,228,431,1651,398,6,11,1162,866,5665,12580,1221,23,1310,139,39,1993,10943,9,33,5,110,682,0,32544,124,222,476,16,4,2,119,915,19231,10,19,7710,78422,1268,0,19,56,306,525,1232,575,148,2948,6313,645,498,13,1165,1557,1304,97,9,19,240,10,50,12,2800,46886,53,8,168,117400,188,577,10,49,269,18,15,8,2,79,516,1636,7747,1254,72439,1319,9233,7746,68941,29,1899,348,774,124,8922,232,1176,416,7,267,145,45,18,55,536,3123,0,82,5,4032,17,122,303,6,303,11423,975,50,10,199,778,12,8,16,117,1229,7,403,255,589,32,364,3233,455,0,102,9179,975,2655,1389,1134,3404,8456,95,4,15,8,64,4,2784,296,1260,6,12,1128,423,223,19,2073,0,102548,134,31,7,1005,22600,21,307,0,48,2652,6,63,59,279,38809,115936,52,992,2181,813,394,992,142,222,71,5,1,42,5
2020-04-29,252,455,1702,423,7,11,1192,900,5715,12779,1267,23,1455,150,39,2072,11283,9,33,5,117,710,5,34132,124,243,498,27,4,2,119,934,20327,10,19,8057,78474,1411,0,19,59,323,557,1288,617,148,3108,6558,645,599,13,1228,1557,1335,106,9,19,236,10,58,12,2800,48228,67,8,178,120400,188,577,13,62,313,19,18,8,2,73,536,1656,8437,1391,73791,1346,13386,8233,71252,29,2368,356,819,129,9059,249,1389,437,7,348,150,45,18,55,563,3134,0,90,7,4087,17,129,339,6,306,11423,1114,58,10,203,928,12,8,16,119,1241,7,435,307,627,32,364,3425,527,0,102,10037,1023,3025,1470,1243,3569,10286,98,4,15,8,69,4,2953,315,1292,6,12,1188,484,230,20,2073,0,108947,136,32,8,1005,22600,21,311,0,167,2665,6,64,71,294,44040,120720,52,1103,2329,857,412,1096,142,222,71,5,1,54,5
2020-04-30,260,470,1779,468,7,11,1256,929,5742,12907,1325,25,1500,160,39,2386,11576,9,33,5,132,727,5,35935,124,266,506,27,4,4,119,934,21424,10,33,8580,78523,1439,0,19,73,338,574,1348,681,296,3314,6741,645,642,13,1301,1558,1381,119,9,26,249,12,59,12,3000,49476,67,8,184,123500,212,1374,13,66,329,19,22,8,2,79,581,1670,9068,1522,75103,1375,13386,8561,75945,29,2460,362,866,144,9072,271,1539,462,8,348,150,45,18,55,589,3213,0,92,7,4171,17,135,351,6,310,11423,1182,64,10,214,984,12,8,16,125,1252,7,452,319,738,32,495,4315,576,0,113,10405,1043,3236,1519,1372,4017,11619,104,6,15,8,78,4,3163,334,1343,6,21,1244,524,233,31,2073,0,112050,154,39,8,1005,23400,21,322,0,167,2684,16,65,72,305,48886,153947,52,1238,2429,859,417,1133,142,219,76,5,1,55,5
2020-05-01,310,488,1821,468,11,15,1292,977,5775,13110,1365,24,1555,174,39,2918,11892,13,42,5,134,755,8,38039,124,276,517,31,4,18,120,934,22764,10,33,9018,78573,1551,0,25,75,355,597,1421,714,296,3372,6924,645,672,13,1387,1913,1460,124,9,26,253,12,66,12,3000,50212,67,8,207,126900,212,1374,13,72,342,19,22,10,2,112,609,1689,10007,1591,76318,1414,13386,9156,78249,31,2975,364,922,150,9123,271,1602,504,8,348,192,45,18,55,594,3213,0,94,9,4210,17,196,383,6,312,12377,1272,73,10,233,1083,12,8,16,138,1263,7,478,351,807,32,495,4715,622,0,115,11129,1084,3491,1647,1436,4328,13220,109,8,15,8,82,4,3555,356,1343,6,21,1268,558,233,31,2382,0,112050,162,46,8,1005,23900,27,324,0,167,2719,16,66,83,316,53808,164015,52,1413,2543,892,435,1212,148,219,76,5,1,74,5
2020-05-02,331,519,1872,472,11,15,1320,1010,5814,13180,1411,24,1568,177,44,3117,12211,13,42,5,159,779,8,40937,126,287,535,37,7,18,120,953,23814,10,39,9572,78586,1666,0,25,75,372,622,1463,765,296,3461,7084,645,686,13,1481,2132,1522,141,9,26,256,12,69,14,3000,50663,85,9,207,129000,229,1374,13,72,405,19,22,10,2,116,625,1706,10819,1665,77350,1473,13386,9593,79914,33,3205,367,985,152,9183,336,1703,527,9,348,197,48,22,55,632,3318,0,97,9,4326,18,206,379,6,314,12377,1334,78,10,245,1256,18,8,16,138,1266,7,507,351,852,32,750,4817,641,0,119,12434,1124,3762,1671,1534,4547,15013,120,8,15,8,83,4,3765,368,1426,6,21,1347,608,239,34,2549,0,117248,172,52,8,1005,24200,27,324,0,167,2732,16,66,88,323,58259,175382,52,1498,2664,896,440,1271,148,219,76,5,1,75,5
2020-05-03,345,531,1936,493,11,15,1354,1035,5849,13228,1441,24,1718,1063,44,3196,12309,13,42,5,166,825,8,42991,128,308,540,43,7,33,120,953,24921,10,39,10041,78684,1722,0,25,75,386,653,1489,827,296,3587,7183,645,686,13,1606,3300,1562,154,9,26,259,12,75,14,3000,50885,85,9,223,130600,229,1374,13,72,405,19,22,10,2,118,629,1717,11775,1876,78422,1490,13386,9749,81654,38,3981,367,1084,167,9217,381,1776,564,9,348,200,58,22,55,635,3379,0,98,9,4413,18,213,392,6,315,13447,1382,78,10,249,1438,19,8,16,138,1276,7,518,400,945,32,750,5114,641,0,126,13550,1214,3945,1689,1664,4869,16639,124,8,15,8,86,4,4134,372,1551,6,29,1408,619,241,44,2549,0,118902,184,52,9,1005,24500,27,332,0,167,2739,16,67,93,328,63151,180152,52,1548,2763,901,442,1319,158,219,77,5,1,78,5
2020-05-04,397,543,1998,499,11,15,1442,1071,5887,13316,1480,25,1744,1209,46,3259,12378,14,50,5,174,855,8,45815,130,321,545,49,7,37,120,953,26030,10,39,10415,78792,1807,0,26,80,399,693,1522,876,296,3807,7284,645,713,13,1771,3433,1632,180,13,26,259,12,75,14,3500,51476,93,9,223,132700,294,1374,13,79,450,19,27,10,2,122,630,1723,12847,1954,79379,1544,13386,10064,82879,38,4156,370,1173,173,9283,403,1947,575,9,348,200,58,23,55,638,3405,0,99,9,4484,18,223,399,6,316,13447,1423,78,12,253,1653,19,8,16,138,1302,7,534,417,992,32,816,5635,641,8,130,14427,1315,4095,1712,1810,5269,18095,128,8,15,9,86,4,4476,415,1574,6,37,1457,643,241,61,2746,0,121343,194,61,9,4074,25200,27,334,0,167,2740,20,74,99,406,68166,187180,55,1619,2966,910,447,1405,158,219,102,5,1,78,5
2020-05-05,421,570,2067,514,11,16,1472,1111,5975,13462,1508,26,1762,1403,47,3771,12441,16,50,5,187,911,8,48221,131,342,548,49,7,37,120,953,27006,10,43,10710,78870,2013,0,26,90,413,701,1560,954,296,4006,7492,645,745,14,1905,3433,1730,205,13,30,261,12,91,14,3500,52842,93,9,240,135100,294,1374,13,79,498,19,27,10,2,122,709,1733,14142,2197,80475,1571,13386,10465,85231,56,4496,375,1279,182,9333,490,2032,600,9,348,206,58,23,55,678,3412,0,101,9,4567,20,228,403,6,319,16810,1544,81,13,253,1838,19,8,16,139,1316,7,543,481,1013,32,858,5801,823,8,135,15413,1408,4280,1743,1924,5454,19865,129,12,15,9,92,4,5431,470,1723,8,43,1519,741,244,75,2746,0,123486,213,70,9,4074,25400,27,334,0,167,2747,20,74,103,482,73285,189791,55,1875,3153,926,468,1501,158,232,127,5,1,92,5
2020-05-06,458,595,2197,521,11,16,1524,1135,6031,13639,1536,26,1860,1403,47,4388,12731,16,50,5,198,928,8,51370,131,360,555,50,7,38,120,1000,28184,10,43,11189,78929,2148,0,30,92,428,721,1601,1001,296,4205,7689,645,755,14,1960,3433,1815,219,13,30,264,12,93,14,3500,54079,93,9,269,139900,294,1374,13,86,597,24,27,10,2,132,759,1750,15331,2317,81587,1602,17110,10637,93245,57,4496,377,1408,190,9419,490,2219,614,10,464,206,75,24,55,718,3452,0,101,9,4702,20,261,407,6,320,17781,1658,82,13,261,2017,21,8,22,146,1332,7,561,534,1057,32,888,6464,859,8,142,17527,1506,4655,2076,2070,5788,21327,130,12,15,9,97,4,6783,493,1971,8,54,1634,762,246,87,3153,0,126002,215,80,9,4074,25700,27,339,0,167,2761,20,77,103,591,78202,189910,55,2097,3359,934,486,1577,176,232,174,5,1,101,5
2020-05-07,468,605,2323,526,11,16,1601,1185,6078,13698,1551,26,2000,1910,53,5067,12980,16,53,5,219,954,9,55350,131,384,562,62,7,38,120,1002,29260,10,50,11664,78977,2300,0,30,103,445,742,1641,1031,400,4371,7907,645,799,14,2064,3433,1887,252,13,30,273,12,93,14,3500,55191,110,9,275,141700,303,1374,13,90,629,25,27,16,2,154,801,1755,16776,2381,82744,1626,17110,10873,96276,58,4918,381,1518,197,9484,562,2381,637,9,464,220,79,24,55,739,3505,0,101,14,4776,20,271,413,6,320,17781,1747,82,13,265,2179,24,9,22,147,1347,7,586,601,1079,32,980,6464,886,8,148,18388,1618,4862,2258,2286,6144,23803,133,12,17,9,106,4,7798,562,2160,8,54,1712,806,247,106,3153,0,128511,232,92,9,4971,25900,27,347,0,167,2772,21,85,103,600,82984,195036,55,2396,3572,970,492,1656,185,233,176,5,1,103,5
2020-05-08,472,620,2467,537,11,16,1659,1218,6122,13836,1576,31,2028,2101,53,5484,13201,16,62,5,237,960,9,59297,132,401,566,67,7,44,120,1002,30239,10,50,12160,78993,2424,0,33,130,461,754,1689,1078,400,4413,8125,645,824,14,2286,3433,1945,257,13,37,704,12,95,14,4000,55892,110,9,288,141700,323,1374,13,101,663,25,35,17,2,192,865,1765,17887,2494,83837,1661,17110,11229,99023,62,5146,385,1631,202,9568,562,2466,650,9,464,223,79,24,55,765,3526,0,101,14,4864,20,285,419,6,320,20314,1826,82,13,267,2324,27,9,31,147,1368,7,600,679,1099,32,1025,7530,886,8,152,19012,1734,5184,2422,2370,6423,26608,136,13,17,9,114,4,9120,611,2453,8,54,2040,905,252,106,3153,2,131148,240,102,9,4971,26100,29,355,0,183,2784,21,85,103,638,86396,198993,55,2706,3837,997,506,1775,190,241,228,5,1,111,9
